#
# There is insufficient memory for the Java Runtime Environment to continue.
# Native memory allocation (mmap) failed to map 1044381696 bytes. Error detail: G1 virtual space
# Possible reasons:
#   The system is out of physical RAM or swap space
#   This process is running with CompressedOops enabled, and the Java Heap may be blocking the growth of the native heap
# Possible solutions:
#   Reduce memory load on the system
#   Increase physical memory or swap space
#   Check if swap backing store is full
#   Decrease Java heap size (-Xmx/-Xms)
#   Decrease number of Java threads
#   Decrease Java thread stack sizes (-Xss)
#   Set larger code cache with -XX:ReservedCodeCacheSize=
#   JVM is running with Zero Based Compressed Oops mode in which the Java heap is
#     placed in the first 32GB address space. The Java Heap base address is the
#     maximum limit for the native heap growth. Please use -XX:HeapBaseMinAddress
#     to set the Java Heap base and to place the Java Heap above 32GB virtual address.
# This output file may be truncated or incomplete.
#
#  Out of Memory Error (os_windows.cpp:3630), pid=22320, tid=5112
#
# JRE version: OpenJDK Runtime Environment Temurin-17.0.20+8 (17.0.20+8) (build 17.0.20+8)
# Java VM: OpenJDK 64-Bit Server VM Temurin-17.0.20+8 (17.0.20+8, mixed mode, sharing, tiered, compressed oops, compressed class ptrs, g1 gc, windows-amd64)
# No core dump will be written. Minidumps are not enabled by default on client versions of Windows
#

---------------  S U M M A R Y ------------

Command Line: -XX:MaxMetaspaceSize=2G -XX:+HeapDumpOnOutOfMemoryError --add-opens=java.base/java.util=ALL-UNNAMED --add-opens=java.base/java.lang=ALL-UNNAMED --add-opens=java.base/java.lang.invoke=ALL-UNNAMED --add-opens=java.prefs/java.util.prefs=ALL-UNNAMED --add-opens=java.base/java.nio.charset=ALL-UNNAMED --add-opens=java.base/java.net=ALL-UNNAMED --add-opens=java.base/java.util.concurrent.atomic=ALL-UNNAMED -Xmx4G -Dfile.encoding=windows-1256 -Duser.country=US -Duser.language=en -Duser.variant -javaagent:C:\Users\hisha\.gradle\wrapper\dists\gradle-8.7-bin\bhs2wmbdwecv87pi65oeuq5iu\gradle-8.7\lib\agents\gradle-instrumentation-agent-8.7.jar org.gradle.launcher.daemon.bootstrap.GradleDaemon 8.7

Host: 12th Gen Intel(R) Core(TM) i5-12450H, 12 cores, 7G,  Windows 11 , 64 bit Build 26100 (10.0.26100.9168)
Time: Thu Aug 20 18:37:41 2026 Egypt Daylight Time elapsed time: 3222.610844 seconds (0d 0h 53m 42s)

---------------  T H R E A D  ---------------

Current thread (0x000001ecc9399360):  VMThread "VM Thread" [stack: 0x0000000100c00000,0x0000000100d00000] [id=5112]

Stack: [0x0000000100c00000,0x0000000100d00000]
Native frames: (J=compiled Java code, j=interpreted, Vv=VM code, C=native code)
V  [jvm.dll+0x684d39]
V  [jvm.dll+0x83a565]
V  [jvm.dll+0x83bfde]
V  [jvm.dll+0x83c663]
V  [jvm.dll+0x2490cf]
V  [jvm.dll+0x681af9]
V  [jvm.dll+0x6768ba]
V  [jvm.dll+0x309467]
V  [jvm.dll+0x310a56]
V  [jvm.dll+0x360f3e]
V  [jvm.dll+0x36117d]
V  [jvm.dll+0x2e04ec]
V  [jvm.dll+0x2de8c2]
V  [jvm.dll+0x2de05c]
V  [jvm.dll+0x320cab]
V  [jvm.dll+0x840e7d]
V  [jvm.dll+0x841bb3]
V  [jvm.dll+0x8420df]
V  [jvm.dll+0x8424c5]
V  [jvm.dll+0x84258e]
V  [jvm.dll+0x7eb17c]
V  [jvm.dll+0x683c07]
C  [ucrtbase.dll+0x2cd30]
C  [KERNEL32.DLL+0x2ccb7]
C  [ntdll.dll+0xaad6c]

VM_Operation (0x000000010c9fc120): G1CollectForAllocation, mode: safepoint, requested by thread 0x000001ed1ab34020


---------------  P R O C E S S  ---------------

Threads class SMR info:
_java_thread_list=0x000001ed10befe90, length=186, elements={
0x000001eca607f9c0, 0x000001ecc939e350, 0x000001ecc93a0e30, 0x000001ecc93bb690,
0x000001ecc93bbf60, 0x000001ecc93bc830, 0x000001ecc93c0120, 0x000001ecc93c2d30,
0x000001ecc93c3640, 0x000001ecc93d6370, 0x000001ecc981e7a0, 0x000001ecc981fbe0,
0x000001ecc981ecb0, 0x000001ecc981d870, 0x000001ecc9820600, 0x000001ed109cff20,
0x000001ed109d0e50, 0x000001ed109cf500, 0x000001ed109d2290, 0x000001ed109d1870,
0x000001ed109d31c0, 0x000001ed109d5020, 0x000001ed13e411b0, 0x000001ed11001440,
0x000001ed10ffdc90, 0x000001ed11001950, 0x000001ed11000f30, 0x000001ed120d3600,
0x000001ed120d4f50, 0x000001ed120d4020, 0x000001ed120d2be0, 0x000001ed12ef9c60,
0x000001ed14aca030, 0x000001ed14ac8bf0, 0x000001ed14ac9610, 0x000001ed13b08420,
0x000001ed11005d20, 0x000001ed11006740, 0x000001ed11008fc0, 0x000001ed11007670,
0x000001ed11008ab0, 0x000001ed1109d410, 0x000001ed1109e850, 0x000001ed1109d920,
0x000001ed1109de30, 0x000001ed110085a0, 0x000001ed11006c50, 0x000001ed11007160,
0x000001ed11e565a0, 0x000001ed11e55b80, 0x000001ed11e56090, 0x000001ed11e55160,
0x000001ed11e54c50, 0x000001ed11e55670, 0x000001ed1a6defe0, 0x000001ed11ac5190,
0x000001ed11ac2e20, 0x000001ed11ac2400, 0x000001ed1a7e1490, 0x000001ed1a7e19a0,
0x000001ed1a7e1eb0, 0x000001ed13eda240, 0x000001ed13edac60, 0x000001ed13edb170,
0x000001ed13edb680, 0x000001ed13eda750, 0x000001ed13ed9820, 0x000001ed1109e340,
0x000001ed1109ed60, 0x000001ed1109f270, 0x000001ed0fda2e60, 0x000001ed0fda3370,
0x000001ed13fe4350, 0x000001ed13fe1ad0, 0x000001ed13fe3930, 0x000001ed13fe2a00,
0x000001ed13fe4860, 0x000001ed13fe2f10, 0x000001ed13fe24f0, 0x000001ed13fe4d70,
0x000001ed13fe3420, 0x000001ed13fe5280, 0x000001ed13fe3e40, 0x000001ed13fe1fe0,
0x000001ed12f5ded0, 0x000001ed12f5ee00, 0x000001ed12f5e3e0, 0x000001ed12f5cfa0,
0x000001ed12f5d9c0, 0x000001ed12f5e8f0, 0x000001ed12f5b650, 0x000001ed11007b80,
0x000001ed11006230, 0x000001ed11005810, 0x000001ed1b763650, 0x000001ed1b762210,
0x000001ed1b760dd0, 0x000001ed1b7608c0, 0x000001ed1b762720, 0x000001ed1b7603b0,
0x000001ed1b7612e0, 0x000001ed1b7617f0, 0x000001ed19e4e3a0, 0x000001ed13edbb90,
0x000001ed13ed83e0, 0x000001ed13ed88f0, 0x000001ed13ed8e00, 0x000001ed13ed9310,
0x000001ed19457300, 0x000001ed13e40ca0, 0x000001ed13e40280, 0x000001ed1b761d00,
0x000001ed1b762c30, 0x000001ed1b763140, 0x000001ed12d9eec0, 0x000001ed13e420e0,
0x000001ed13e416c0, 0x000001ed13e41bd0, 0x000001ed13e425f0, 0x000001ed193c2340,
0x000001ed19454f90, 0x000001ed194554a0, 0x000001ed19457810, 0x000001ed19454060,
0x000001ed19454a80, 0x000001ed194559b0, 0x000001ed1ab34530, 0x000001ed1ab34f50,
0x000001ed14accf50, 0x000001ed14acd460, 0x000001ed1a6dff10, 0x000001ed1a6dfa00,
0x000001ed1a6e0420, 0x000001ed192f16a0, 0x000001ed192f25d0, 0x000001ed1bb51a40,
0x000001ed1bb52460, 0x000001ed12f5bb60, 0x000001ed12d68750, 0x000001ed12d68240,
0x000001ed1ad71f30, 0x000001ed1ad71510, 0x000001ed1ad73880, 0x000001ed1ad72440,
0x000001ed1ad73370, 0x000001ed13e462b0, 0x000001ed13e44e70, 0x000001ed29544a20,
0x000001ed12f5c070, 0x000001ed12f5c580, 0x000001ed12f5ca90, 0x000001ed1ad72950,
0x000001ed1ad747b0, 0x000001ed10fff5e0, 0x000001ed10fff0d0, 0x000001ed10ffd270,
0x000001ed10ffd780, 0x000001ed10ffcd60, 0x000001ed10ffc850, 0x000001ed10ffe1a0,
0x000001ed29544f30, 0x000001ed29545950, 0x000001ed12d9e9b0, 0x000001ed12d9f8e0,
0x000001ed12d9e4a0, 0x000001ed12d9fdf0, 0x000001ed12da0300, 0x000001ed19aa9870,
0x000001ed19aa7f20, 0x000001ed19aa8e50, 0x000001ed19aa9360, 0x000001ed12da0810,
0x000001ed12d9df90, 0x000001ed1ab34020, 0x000001ed1ab34a40, 0x000001ed1ab35970,
0x000001ed11fe1190, 0x000001ed1abe4e80, 0x000001ed1abe3f50, 0x000001ed1abe4970,
0x000001ed1abe2600, 0x000001ed1abe2b10, 0x000001ed1abe5390, 0x000001ed1abe3a40,
0x000001ed1ad71a20, 0x000001ed1ad73d90
}

Java Threads: ( => current thread )
  0x000001eca607f9c0 JavaThread "main" [_thread_blocked, id=7528, stack(0x0000000100600000,0x0000000100700000)]
  0x000001ecc939e350 JavaThread "Reference Handler" daemon [_thread_blocked, id=5320, stack(0x0000000100d00000,0x0000000100e00000)]
  0x000001ecc93a0e30 JavaThread "Finalizer" daemon [_thread_blocked, id=11020, stack(0x0000000100e00000,0x0000000100f00000)]
  0x000001ecc93bb690 JavaThread "Signal Dispatcher" daemon [_thread_blocked, id=16936, stack(0x0000000100f00000,0x0000000101000000)]
  0x000001ecc93bbf60 JavaThread "Attach Listener" daemon [_thread_blocked, id=5444, stack(0x0000000101000000,0x0000000101100000)]
  0x000001ecc93bc830 JavaThread "Service Thread" daemon [_thread_blocked, id=15556, stack(0x0000000101100000,0x0000000101200000)]
  0x000001ecc93c0120 JavaThread "Monitor Deflation Thread" daemon [_thread_blocked, id=2572, stack(0x0000000101200000,0x0000000101300000)]
  0x000001ecc93c2d30 JavaThread "C2 CompilerThread0" daemon [_thread_blocked, id=15324, stack(0x0000000101300000,0x0000000101400000)]
  0x000001ecc93c3640 JavaThread "C1 CompilerThread0" daemon [_thread_blocked, id=15308, stack(0x0000000101400000,0x0000000101500000)]
  0x000001ecc93d6370 JavaThread "Sweeper thread" daemon [_thread_blocked, id=14924, stack(0x0000000101500000,0x0000000101600000)]
  0x000001ecc981e7a0 JavaThread "Common-Cleaner" daemon [_thread_blocked, id=13256, stack(0x0000000101600000,0x0000000101700000)]
  0x000001ecc981fbe0 JavaThread "Notification Thread" daemon [_thread_blocked, id=22448, stack(0x0000000101700000,0x0000000101800000)]
  0x000001ecc981ecb0 JavaThread "Daemon health stats" [_thread_blocked, id=22928, stack(0x0000000101d00000,0x0000000101e00000)]
  0x000001ecc981d870 JavaThread "Incoming local TCP Connector on port 54538" [_thread_in_native, id=9144, stack(0x0000000101e00000,0x0000000101f00000)]
  0x000001ecc9820600 JavaThread "Daemon periodic checks" [_thread_blocked, id=12188, stack(0x0000000101f00000,0x0000000102000000)]
  0x000001ed109cff20 JavaThread "Cache worker for journal cache (C:\Users\hisha\.gradle\caches\journal-1)" [_thread_blocked, id=23288, stack(0x0000000102c00000,0x0000000102d00000)]
  0x000001ed109d0e50 JavaThread "File lock request listener" [_thread_in_native, id=12840, stack(0x0000000102d00000,0x0000000102e00000)]
  0x000001ed109cf500 JavaThread "Cache worker for file hash cache (C:\Users\hisha\.gradle\caches\8.7\fileHashes)" [_thread_blocked, id=7456, stack(0x0000000102e00000,0x0000000102f00000)]
  0x000001ed109d2290 JavaThread "File watcher server" daemon [_thread_in_native, id=15916, stack(0x0000000103000000,0x0000000103100000)]
  0x000001ed109d1870 JavaThread "File watcher consumer" daemon [_thread_blocked, id=10568, stack(0x0000000103100000,0x0000000103200000)]
  0x000001ed109d31c0 JavaThread "Cache worker for file content cache (C:\Users\hisha\.gradle\caches\8.7\fileContent)" [_thread_blocked, id=9420, stack(0x0000000103700000,0x0000000103800000)]
  0x000001ed109d5020 JavaThread "jar transforms" [_thread_blocked, id=20488, stack(0x0000000103900000,0x0000000103a00000)]
  0x000001ed13e411b0 JavaThread "Memory manager" [_thread_blocked, id=12532, stack(0x0000000105100000,0x0000000105200000)]
  0x000001ed11001440 JavaThread "RMI Scheduler(0)" daemon [_thread_blocked, id=16232, stack(0x0000000108400000,0x0000000108500000)]
  0x000001ed10ffdc90 JavaThread "RMI GC Daemon" daemon [_thread_blocked, id=6268, stack(0x0000000108600000,0x0000000108700000)]
  0x000001ed11001950 JavaThread "RMI TCP Accept-0" daemon [_thread_in_native, id=1252, stack(0x0000000108700000,0x0000000108800000)]
  0x000001ed11000f30 JavaThread "RMI Reaper" [_thread_blocked, id=22484, stack(0x0000000108800000,0x0000000108900000)]
  0x000001ed120d3600 JavaThread "jar transforms Thread 2" [_thread_blocked, id=23436, stack(0x0000000108500000,0x0000000108600000)]
  0x000001ed120d4f50 JavaThread "jar transforms Thread 3" [_thread_blocked, id=16596, stack(0x000000010a300000,0x000000010a400000)]
  0x000001ed120d4020 JavaThread "jar transforms Thread 4" [_thread_blocked, id=9548, stack(0x000000010a400000,0x000000010a500000)]
  0x000001ed120d2be0 JavaThread "jar transforms Thread 5" [_thread_blocked, id=11972, stack(0x000000010a500000,0x000000010a600000)]
  0x000001ed12ef9c60 JavaThread "Daemon Thread 2" [_thread_blocked, id=13964, stack(0x0000000100100000,0x0000000100200000)]
  0x000001ed14aca030 JavaThread "Handler for socket connection from /127.0.0.1:54538 to /127.0.0.1:63978" [_thread_in_native, id=23000, stack(0x0000000100400000,0x0000000100500000)]
  0x000001ed14ac8bf0 JavaThread "Cancel handler" [_thread_blocked, id=16912, stack(0x0000000100500000,0x0000000100600000)]
  0x000001ed14ac9610 JavaThread "Daemon worker Thread 2" [_thread_blocked, id=11560, stack(0x0000000102000000,0x0000000102100000)]
  0x000001ed13b08420 JavaThread "Asynchronous log dispatcher for DefaultDaemonConnection: socket connection from /127.0.0.1:54538 to /127.0.0.1:63978" [_thread_blocked, id=5996, stack(0x0000000102100000,0x0000000102200000)]
  0x000001ed11005d20 JavaThread "Daemon client event forwarder" [_thread_blocked, id=17064, stack(0x0000000102300000,0x0000000102400000)]
  0x000001ed11006740 JavaThread "Cache worker for file hash cache (D:\qestak\android\.gradle\8.7\fileHashes)" [_thread_blocked, id=7428, stack(0x0000000102400000,0x0000000102500000)]
  0x000001ed11008fc0 JavaThread "Cache worker for checksums cache (D:\qestak\android\.gradle\8.7\checksums)" [_thread_blocked, id=11576, stack(0x0000000102600000,0x0000000102700000)]
  0x000001ed11007670 JavaThread "Cache worker for cache directory md-supplier (C:\Users\hisha\.gradle\caches\8.7\md-supplier)" [_thread_blocked, id=4936, stack(0x0000000102f00000,0x0000000103000000)]
  0x000001ed11008ab0 JavaThread "Cache worker for cache directory md-rule (C:\Users\hisha\.gradle\caches\8.7\md-rule)" [_thread_blocked, id=21428, stack(0x0000000103400000,0x0000000103500000)]
  0x000001ed1109d410 JavaThread "jar transforms Thread 6" [_thread_blocked, id=14148, stack(0x0000000102500000,0x0000000102600000)]
  0x000001ed1109e850 JavaThread "Cache worker for Build Output Cleanup Cache (C:\Users\hisha\develop\flutter\packages\flutter_tools\gradle\.gradle\buildOutputCleanup)" [_thread_blocked, id=17776, stack(0x0000000103500000,0x0000000103600000)]
  0x000001ed1109d920 JavaThread "Unconstrained build operations" [_thread_blocked, id=7584, stack(0x0000000103600000,0x0000000103700000)]
  0x000001ed1109de30 JavaThread "Unconstrained build operations Thread 2" [_thread_blocked, id=9244, stack(0x0000000103800000,0x0000000103900000)]
  0x000001ed110085a0 JavaThread "Unconstrained build operations Thread 3" [_thread_blocked, id=18540, stack(0x0000000103a00000,0x0000000103b00000)]
  0x000001ed11006c50 JavaThread "Unconstrained build operations Thread 4" [_thread_blocked, id=5316, stack(0x0000000103c00000,0x0000000103d00000)]
  0x000001ed11007160 JavaThread "Unconstrained build operations Thread 5" [_thread_blocked, id=15276, stack(0x0000000103d00000,0x0000000103e00000)]
  0x000001ed11e565a0 JavaThread "Unconstrained build operations Thread 6" [_thread_blocked, id=22140, stack(0x0000000103e00000,0x0000000103f00000)]
  0x000001ed11e55b80 JavaThread "Unconstrained build operations Thread 7" [_thread_blocked, id=12016, stack(0x0000000103f00000,0x0000000104000000)]
  0x000001ed11e56090 JavaThread "Unconstrained build operations Thread 8" [_thread_blocked, id=11740, stack(0x0000000104000000,0x0000000104100000)]
  0x000001ed11e55160 JavaThread "Unconstrained build operations Thread 9" [_thread_blocked, id=11496, stack(0x0000000104100000,0x0000000104200000)]
  0x000001ed11e54c50 JavaThread "Unconstrained build operations Thread 10" [_thread_blocked, id=10076, stack(0x0000000104200000,0x0000000104300000)]
  0x000001ed11e55670 JavaThread "Unconstrained build operations Thread 11" [_thread_blocked, id=5368, stack(0x0000000104300000,0x0000000104400000)]
  0x000001ed1a6defe0 JavaThread "build event listener" [_thread_blocked, id=22392, stack(0x0000000104400000,0x0000000104500000)]
  0x000001ed11ac5190 JavaThread "Execution worker" [_thread_blocked, id=7948, stack(0x0000000104600000,0x0000000104700000)]
  0x000001ed11ac2e20 JavaThread "Execution worker Thread 2" [_thread_blocked, id=14348, stack(0x0000000104700000,0x0000000104800000)]
  0x000001ed11ac2400 JavaThread "Execution worker Thread 3" [_thread_blocked, id=11984, stack(0x0000000104800000,0x0000000104900000)]
  0x000001ed1a7e1490 JavaThread "Execution worker Thread 4" [_thread_blocked, id=22852, stack(0x0000000104900000,0x0000000104a00000)]
  0x000001ed1a7e19a0 JavaThread "Execution worker Thread 5" [_thread_blocked, id=13776, stack(0x0000000104a00000,0x0000000104b00000)]
  0x000001ed1a7e1eb0 JavaThread "Execution worker Thread 6" [_thread_blocked, id=2220, stack(0x0000000104b00000,0x0000000104c00000)]
  0x000001ed13eda240 JavaThread "Execution worker Thread 7" [_thread_blocked, id=13472, stack(0x0000000104c00000,0x0000000104d00000)]
  0x000001ed13edac60 JavaThread "Execution worker Thread 8" [_thread_blocked, id=9696, stack(0x0000000104d00000,0x0000000104e00000)]
  0x000001ed13edb170 JavaThread "Execution worker Thread 9" [_thread_blocked, id=21968, stack(0x0000000104e00000,0x0000000104f00000)]
  0x000001ed13edb680 JavaThread "Execution worker Thread 10" [_thread_blocked, id=16096, stack(0x0000000104f00000,0x0000000105000000)]
  0x000001ed13eda750 JavaThread "Execution worker Thread 11" [_thread_blocked, id=19760, stack(0x0000000105000000,0x0000000105100000)]
  0x000001ed13ed9820 JavaThread "Cache worker for execution history cache (C:\Users\hisha\develop\flutter\packages\flutter_tools\gradle\.gradle\8.7\executionHistory)" [_thread_blocked, id=16892, stack(0x0000000105200000,0x0000000105300000)]
  0x000001ed1109e340 JavaThread "Unconstrained build operations Thread 12" [_thread_blocked, id=5224, stack(0x0000000105300000,0x0000000105400000)]
  0x000001ed1109ed60 JavaThread "Unconstrained build operations Thread 13" [_thread_blocked, id=3320, stack(0x0000000105400000,0x0000000105500000)]
  0x000001ed1109f270 JavaThread "Unconstrained build operations Thread 14" [_thread_blocked, id=12976, stack(0x0000000105500000,0x0000000105600000)]
  0x000001ed0fda2e60 JavaThread "Unconstrained build operations Thread 15" [_thread_blocked, id=15896, stack(0x0000000105600000,0x0000000105700000)]
  0x000001ed0fda3370 JavaThread "Unconstrained build operations Thread 16" [_thread_blocked, id=2412, stack(0x0000000105700000,0x0000000105800000)]
  0x000001ed13fe4350 JavaThread "Unconstrained build operations Thread 17" [_thread_blocked, id=4108, stack(0x0000000105800000,0x0000000105900000)]
  0x000001ed13fe1ad0 JavaThread "Unconstrained build operations Thread 18" [_thread_blocked, id=11048, stack(0x0000000105900000,0x0000000105a00000)]
  0x000001ed13fe3930 JavaThread "Unconstrained build operations Thread 19" [_thread_blocked, id=18840, stack(0x0000000105a00000,0x0000000105b00000)]
  0x000001ed13fe2a00 JavaThread "Unconstrained build operations Thread 20" [_thread_blocked, id=12640, stack(0x0000000105b00000,0x0000000105c00000)]
  0x000001ed13fe4860 JavaThread "Unconstrained build operations Thread 21" [_thread_blocked, id=20828, stack(0x0000000105c00000,0x0000000105d00000)]
  0x000001ed13fe2f10 JavaThread "Unconstrained build operations Thread 22" [_thread_blocked, id=23164, stack(0x0000000105d00000,0x0000000105e00000)]
  0x000001ed13fe24f0 JavaThread "Unconstrained build operations Thread 23" [_thread_blocked, id=4556, stack(0x0000000105e00000,0x0000000105f00000)]
  0x000001ed13fe4d70 JavaThread "Unconstrained build operations Thread 24" [_thread_blocked, id=22192, stack(0x0000000105f00000,0x0000000106000000)]
  0x000001ed13fe3420 JavaThread "Unconstrained build operations Thread 25" [_thread_blocked, id=10012, stack(0x0000000106000000,0x0000000106100000)]
  0x000001ed13fe5280 JavaThread "Unconstrained build operations Thread 26" [_thread_blocked, id=12680, stack(0x0000000106100000,0x0000000106200000)]
  0x000001ed13fe3e40 JavaThread "Unconstrained build operations Thread 27" [_thread_blocked, id=10896, stack(0x0000000106200000,0x0000000106300000)]
  0x000001ed13fe1fe0 JavaThread "Unconstrained build operations Thread 28" [_thread_blocked, id=1276, stack(0x0000000106300000,0x0000000106400000)]
  0x000001ed12f5ded0 JavaThread "Unconstrained build operations Thread 29" [_thread_blocked, id=11324, stack(0x0000000106400000,0x0000000106500000)]
  0x000001ed12f5ee00 JavaThread "Unconstrained build operations Thread 30" [_thread_blocked, id=17184, stack(0x0000000106500000,0x0000000106600000)]
  0x000001ed12f5e3e0 JavaThread "Unconstrained build operations Thread 31" [_thread_blocked, id=14112, stack(0x0000000106600000,0x0000000106700000)]
  0x000001ed12f5cfa0 JavaThread "Unconstrained build operations Thread 32" [_thread_blocked, id=14796, stack(0x0000000106700000,0x0000000106800000)]
  0x000001ed12f5d9c0 JavaThread "Unconstrained build operations Thread 33" [_thread_blocked, id=16696, stack(0x0000000106800000,0x0000000106900000)]
  0x000001ed12f5e8f0 JavaThread "Unconstrained build operations Thread 34" [_thread_blocked, id=23084, stack(0x0000000106900000,0x0000000106a00000)]
  0x000001ed12f5b650 JavaThread "Unconstrained build operations Thread 35" [_thread_blocked, id=19028, stack(0x0000000106a00000,0x0000000106b00000)]
  0x000001ed11007b80 JavaThread "Unconstrained build operations Thread 36" [_thread_blocked, id=12400, stack(0x0000000106b00000,0x0000000106c00000)]
  0x000001ed11006230 JavaThread "Unconstrained build operations Thread 37" [_thread_blocked, id=7604, stack(0x0000000106c00000,0x0000000106d00000)]
  0x000001ed11005810 JavaThread "Unconstrained build operations Thread 38" [_thread_blocked, id=15524, stack(0x0000000106d00000,0x0000000106e00000)]
  0x000001ed1b763650 JavaThread "Unconstrained build operations Thread 39" [_thread_blocked, id=11276, stack(0x0000000106e00000,0x0000000106f00000)]
  0x000001ed1b762210 JavaThread "Unconstrained build operations Thread 40" [_thread_blocked, id=19708, stack(0x0000000106f00000,0x0000000107000000)]
  0x000001ed1b760dd0 JavaThread "Unconstrained build operations Thread 41" [_thread_blocked, id=18012, stack(0x0000000107000000,0x0000000107100000)]
  0x000001ed1b7608c0 JavaThread "Unconstrained build operations Thread 42" [_thread_blocked, id=12720, stack(0x0000000107100000,0x0000000107200000)]
  0x000001ed1b762720 JavaThread "Unconstrained build operations Thread 43" [_thread_blocked, id=16756, stack(0x0000000107200000,0x0000000107300000)]
  0x000001ed1b7603b0 JavaThread "Unconstrained build operations Thread 44" [_thread_blocked, id=408, stack(0x0000000107300000,0x0000000107400000)]
  0x000001ed1b7612e0 JavaThread "Unconstrained build operations Thread 45" [_thread_blocked, id=6972, stack(0x0000000107400000,0x0000000107500000)]
  0x000001ed1b7617f0 JavaThread "Unconstrained build operations Thread 46" [_thread_blocked, id=15368, stack(0x0000000107500000,0x0000000107600000)]
  0x000001ed19e4e3a0 JavaThread "Unconstrained build operations Thread 47" [_thread_blocked, id=22080, stack(0x0000000107600000,0x0000000107700000)]
  0x000001ed13edbb90 JavaThread "Unconstrained build operations Thread 48" [_thread_blocked, id=2856, stack(0x0000000107700000,0x0000000107800000)]
  0x000001ed13ed83e0 JavaThread "Unconstrained build operations Thread 49" [_thread_blocked, id=13624, stack(0x0000000107800000,0x0000000107900000)]
  0x000001ed13ed88f0 JavaThread "Unconstrained build operations Thread 50" [_thread_blocked, id=22648, stack(0x0000000107900000,0x0000000107a00000)]
  0x000001ed13ed8e00 JavaThread "Unconstrained build operations Thread 51" [_thread_blocked, id=22500, stack(0x0000000107a00000,0x0000000107b00000)]
  0x000001ed13ed9310 JavaThread "Unconstrained build operations Thread 52" [_thread_blocked, id=20504, stack(0x0000000107b00000,0x0000000107c00000)]
  0x000001ed19457300 JavaThread "Unconstrained build operations Thread 53" [_thread_blocked, id=19236, stack(0x0000000107c00000,0x0000000107d00000)]
  0x000001ed13e40ca0 JavaThread "Unconstrained build operations Thread 54" [_thread_blocked, id=1852, stack(0x0000000107d00000,0x0000000107e00000)]
  0x000001ed13e40280 JavaThread "Unconstrained build operations Thread 55" [_thread_blocked, id=6620, stack(0x0000000107e00000,0x0000000107f00000)]
  0x000001ed1b761d00 JavaThread "Unconstrained build operations Thread 56" [_thread_blocked, id=22404, stack(0x0000000107f00000,0x0000000108000000)]
  0x000001ed1b762c30 JavaThread "Unconstrained build operations Thread 57" [_thread_blocked, id=17888, stack(0x0000000108000000,0x0000000108100000)]
  0x000001ed1b763140 JavaThread "Unconstrained build operations Thread 58" [_thread_blocked, id=6776, stack(0x0000000108100000,0x0000000108200000)]
  0x000001ed12d9eec0 JavaThread "Unconstrained build operations Thread 59" [_thread_blocked, id=16332, stack(0x0000000108200000,0x0000000108300000)]
  0x000001ed13e420e0 JavaThread "Unconstrained build operations Thread 60" [_thread_blocked, id=22072, stack(0x0000000108300000,0x0000000108400000)]
  0x000001ed13e416c0 JavaThread "Unconstrained build operations Thread 61" [_thread_blocked, id=15820, stack(0x0000000108900000,0x0000000108a00000)]
  0x000001ed13e41bd0 JavaThread "Unconstrained build operations Thread 62" [_thread_blocked, id=12040, stack(0x0000000108a00000,0x0000000108b00000)]
  0x000001ed13e425f0 JavaThread "Unconstrained build operations Thread 63" [_thread_blocked, id=6892, stack(0x0000000108b00000,0x0000000108c00000)]
  0x000001ed193c2340 JavaThread "Unconstrained build operations Thread 64" [_thread_blocked, id=22976, stack(0x0000000108c00000,0x0000000108d00000)]
  0x000001ed19454f90 JavaThread "Unconstrained build operations Thread 65" [_thread_blocked, id=17588, stack(0x0000000108d00000,0x0000000108e00000)]
  0x000001ed194554a0 JavaThread "Unconstrained build operations Thread 66" [_thread_blocked, id=13400, stack(0x0000000108e00000,0x0000000108f00000)]
  0x000001ed19457810 JavaThread "Unconstrained build operations Thread 67" [_thread_blocked, id=11864, stack(0x0000000108f00000,0x0000000109000000)]
  0x000001ed19454060 JavaThread "Unconstrained build operations Thread 68" [_thread_blocked, id=20884, stack(0x0000000109000000,0x0000000109100000)]
  0x000001ed19454a80 JavaThread "Unconstrained build operations Thread 69" [_thread_blocked, id=3260, stack(0x0000000109100000,0x0000000109200000)]
  0x000001ed194559b0 JavaThread "Unconstrained build operations Thread 70" [_thread_blocked, id=18832, stack(0x0000000109200000,0x0000000109300000)]
  0x000001ed1ab34530 JavaThread "Unconstrained build operations Thread 71" [_thread_blocked, id=19088, stack(0x0000000109300000,0x0000000109400000)]
  0x000001ed1ab34f50 JavaThread "Unconstrained build operations Thread 72" [_thread_blocked, id=13564, stack(0x0000000109400000,0x0000000109500000)]
  0x000001ed14accf50 JavaThread "Unconstrained build operations Thread 73" [_thread_blocked, id=11156, stack(0x0000000109500000,0x0000000109600000)]
  0x000001ed14acd460 JavaThread "Unconstrained build operations Thread 74" [_thread_blocked, id=20956, stack(0x0000000109600000,0x0000000109700000)]
  0x000001ed1a6dff10 JavaThread "jar transforms Thread 7" [_thread_blocked, id=1760, stack(0x0000000109700000,0x0000000109800000)]
  0x000001ed1a6dfa00 JavaThread "Cache worker for Build Output Cleanup Cache (D:\qestak\android\.gradle\buildOutputCleanup)" [_thread_blocked, id=22216, stack(0x0000000109800000,0x0000000109900000)]
  0x000001ed1a6e0420 JavaThread "jar transforms Thread 8" [_thread_blocked, id=6736, stack(0x0000000109900000,0x0000000109a00000)]
  0x000001ed192f16a0 JavaThread "jar transforms Thread 9" [_thread_blocked, id=18044, stack(0x0000000109a00000,0x0000000109b00000)]
  0x000001ed192f25d0 JavaThread "jar transforms Thread 10" [_thread_blocked, id=22024, stack(0x0000000109b00000,0x0000000109c00000)]
  0x000001ed1bb51a40 JavaThread "build event listener" [_thread_blocked, id=1436, stack(0x0000000109c00000,0x0000000109d00000)]
  0x000001ed1bb52460 JavaThread "Kotlin DSL Writer" [_thread_blocked, id=16400, stack(0x0000000109d00000,0x0000000109e00000)]
  0x000001ed12f5bb60 JavaThread "jar transforms Thread 11" [_thread_blocked, id=7276, stack(0x000000010a000000,0x000000010a100000)]
  0x000001ed12d68750 JavaThread "jar transforms Thread 12" [_thread_blocked, id=10916, stack(0x0000000102200000,0x0000000102300000)]
  0x000001ed12d68240 JavaThread "File lock release action executor Thread 3" [_thread_blocked, id=12008, stack(0x0000000103b00000,0x0000000103c00000)]
  0x000001ed1ad71f30 JavaThread "Unconstrained build operations Thread 75" [_thread_blocked, id=12448, stack(0x0000000109e00000,0x0000000109f00000)]
  0x000001ed1ad71510 JavaThread "Unconstrained build operations Thread 76" [_thread_blocked, id=12156, stack(0x0000000109f00000,0x000000010a000000)]
  0x000001ed1ad73880 JavaThread "Unconstrained build operations Thread 77" [_thread_blocked, id=3264, stack(0x000000010a100000,0x000000010a200000)]
  0x000001ed1ad72440 JavaThread "Unconstrained build operations Thread 78" [_thread_blocked, id=11400, stack(0x000000010a200000,0x000000010a300000)]
  0x000001ed1ad73370 JavaThread "Unconstrained build operations Thread 79" [_thread_blocked, id=18364, stack(0x000000010a700000,0x000000010a800000)]
  0x000001ed13e462b0 JavaThread "Unconstrained build operations Thread 80" [_thread_blocked, id=9168, stack(0x000000010a800000,0x000000010a900000)]
  0x000001ed13e44e70 JavaThread "Unconstrained build operations Thread 81" [_thread_blocked, id=18320, stack(0x000000010ae00000,0x000000010af00000)]
  0x000001ed29544a20 JavaThread "Unconstrained build operations Thread 82" [_thread_blocked, id=15828, stack(0x000000010af00000,0x000000010b000000)]
  0x000001ed12f5c070 JavaThread "Unconstrained build operations Thread 83" [_thread_blocked, id=7092, stack(0x000000010b000000,0x000000010b100000)]
  0x000001ed12f5c580 JavaThread "Unconstrained build operations Thread 84" [_thread_blocked, id=14960, stack(0x000000010b100000,0x000000010b200000)]
  0x000001ed12f5ca90 JavaThread "Unconstrained build operations Thread 85" [_thread_blocked, id=17120, stack(0x000000010b200000,0x000000010b300000)]
  0x000001ed1ad72950 JavaThread "Unconstrained build operations Thread 86" [_thread_blocked, id=5408, stack(0x000000010b300000,0x000000010b400000)]
  0x000001ed1ad747b0 JavaThread "Unconstrained build operations Thread 87" [_thread_blocked, id=20904, stack(0x000000010b400000,0x000000010b500000)]
  0x000001ed10fff5e0 JavaThread "Unconstrained build operations Thread 88" [_thread_blocked, id=3880, stack(0x000000010b500000,0x000000010b600000)]
  0x000001ed10fff0d0 JavaThread "Unconstrained build operations Thread 89" [_thread_blocked, id=5612, stack(0x000000010b600000,0x000000010b700000)]
  0x000001ed10ffd270 JavaThread "Unconstrained build operations Thread 90" [_thread_blocked, id=16772, stack(0x000000010b700000,0x000000010b800000)]
  0x000001ed10ffd780 JavaThread "Unconstrained build operations Thread 91" [_thread_blocked, id=13124, stack(0x000000010b800000,0x000000010b900000)]
  0x000001ed10ffcd60 JavaThread "Unconstrained build operations Thread 92" [_thread_blocked, id=14160, stack(0x000000010b900000,0x000000010ba00000)]
  0x000001ed10ffc850 JavaThread "Unconstrained build operations Thread 93" [_thread_blocked, id=5616, stack(0x000000010ba00000,0x000000010bb00000)]
  0x000001ed10ffe1a0 JavaThread "Unconstrained build operations Thread 94" [_thread_blocked, id=7344, stack(0x000000010bb00000,0x000000010bc00000)]
  0x000001ed29544f30 JavaThread "Unconstrained build operations Thread 95" [_thread_blocked, id=13572, stack(0x000000010bc00000,0x000000010bd00000)]
  0x000001ed29545950 JavaThread "Unconstrained build operations Thread 96" [_thread_blocked, id=5132, stack(0x000000010bd00000,0x000000010be00000)]
  0x000001ed12d9e9b0 JavaThread "Unconstrained build operations Thread 97" [_thread_blocked, id=19152, stack(0x000000010be00000,0x000000010bf00000)]
  0x000001ed12d9f8e0 JavaThread "Unconstrained build operations Thread 98" [_thread_blocked, id=11844, stack(0x000000010bf00000,0x000000010c000000)]
  0x000001ed12d9e4a0 JavaThread "Unconstrained build operations Thread 99" [_thread_blocked, id=15188, stack(0x000000010c000000,0x000000010c100000)]
  0x000001ed12d9fdf0 JavaThread "Unconstrained build operations Thread 100" [_thread_blocked, id=8632, stack(0x000000010c100000,0x000000010c200000)]
  0x000001ed12da0300 JavaThread "Unconstrained build operations Thread 101" [_thread_blocked, id=20192, stack(0x000000010c200000,0x000000010c300000)]
  0x000001ed19aa9870 JavaThread "Unconstrained build operations Thread 102" [_thread_blocked, id=16380, stack(0x000000010c300000,0x000000010c400000)]
  0x000001ed19aa7f20 JavaThread "Unconstrained build operations Thread 103" [_thread_blocked, id=11624, stack(0x000000010c400000,0x000000010c500000)]
  0x000001ed19aa8e50 JavaThread "Unconstrained build operations Thread 104" [_thread_blocked, id=1008, stack(0x000000010c500000,0x000000010c600000)]
  0x000001ed19aa9360 JavaThread "Unconstrained build operations Thread 105" [_thread_blocked, id=3848, stack(0x000000010c600000,0x000000010c700000)]
  0x000001ed12da0810 JavaThread "Unconstrained build operations Thread 106" [_thread_blocked, id=22200, stack(0x000000010c700000,0x000000010c800000)]
  0x000001ed12d9df90 JavaThread "Unconstrained build operations Thread 107" [_thread_blocked, id=2888, stack(0x000000010c800000,0x000000010c900000)]
  0x000001ed1ab34020 JavaThread "Unconstrained build operations Thread 108" [_thread_blocked, id=8628, stack(0x000000010c900000,0x000000010ca00000)]
  0x000001ed1ab34a40 JavaThread "Unconstrained build operations Thread 109" [_thread_blocked, id=23412, stack(0x000000010ca00000,0x000000010cb00000)]
  0x000001ed1ab35970 JavaThread "Unconstrained build operations Thread 110" [_thread_blocked, id=752, stack(0x000000010cb00000,0x000000010cc00000)]
  0x000001ed11fe1190 JavaThread "Unconstrained build operations Thread 111" [_thread_blocked, id=13240, stack(0x000000010cc00000,0x000000010cd00000)]
  0x000001ed1abe4e80 JavaThread "Unconstrained build operations Thread 112" [_thread_blocked, id=14740, stack(0x000000010cd00000,0x000000010ce00000)]
  0x000001ed1abe3f50 JavaThread "Unconstrained build operations Thread 113" [_thread_blocked, id=15860, stack(0x000000010ce00000,0x000000010cf00000)]
  0x000001ed1abe4970 JavaThread "Unconstrained build operations Thread 114" [_thread_blocked, id=15580, stack(0x000000010cf00000,0x000000010d000000)]
  0x000001ed1abe2600 JavaThread "Unconstrained build operations Thread 115" [_thread_blocked, id=15540, stack(0x000000010d000000,0x000000010d100000)]
  0x000001ed1abe2b10 JavaThread "Unconstrained build operations Thread 116" [_thread_blocked, id=11772, stack(0x000000010d100000,0x000000010d200000)]
  0x000001ed1abe5390 JavaThread "Unconstrained build operations Thread 117" [_thread_blocked, id=18296, stack(0x000000010d200000,0x000000010d300000)]
  0x000001ed1abe3a40 JavaThread "Unconstrained build operations Thread 118" [_thread_blocked, id=22304, stack(0x000000010d300000,0x000000010d400000)]
  0x000001ed1ad71a20 JavaThread "Unconstrained build operations Thread 119" [_thread_blocked, id=19352, stack(0x0000000104500000,0x0000000104600000)]
  0x000001ed1ad73d90 JavaThread "Unconstrained build operations Thread 120" [_thread_blocked, id=22968, stack(0x000000010d400000,0x000000010d500000)]

Other Threads:
=>0x000001ecc9399360 VMThread "VM Thread" [stack: 0x0000000100c00000,0x0000000100d00000] [id=5112]
  0x000001ecc989dc50 WatcherThread [stack: 0x0000000101800000,0x0000000101900000] [id=5480]
  0x000001eca60f0360 GCTaskThread "GC Thread#0" [stack: 0x0000000100700000,0x0000000100800000] [id=7008]
  0x000001ed0f843ac0 GCTaskThread "GC Thread#1" [stack: 0x0000000101900000,0x0000000101a00000] [id=18672]
  0x000001ed0faacc60 GCTaskThread "GC Thread#2" [stack: 0x0000000101a00000,0x0000000101b00000] [id=5688]
  0x000001ed0f0cce90 GCTaskThread "GC Thread#3" [stack: 0x0000000101b00000,0x0000000101c00000] [id=17336]
  0x000001ed0f7c6f90 GCTaskThread "GC Thread#4" [stack: 0x0000000101c00000,0x0000000101d00000] [id=1808]
  0x000001ed1098b010 GCTaskThread "GC Thread#5" [stack: 0x0000000102700000,0x0000000102800000] [id=17396]
  0x000001ed1098b2d0 GCTaskThread "GC Thread#6" [stack: 0x0000000102800000,0x0000000102900000] [id=11904]
  0x000001ed109052d0 GCTaskThread "GC Thread#7" [stack: 0x0000000102900000,0x0000000102a00000] [id=18684]
  0x000001ed10769d60 GCTaskThread "GC Thread#8" [stack: 0x0000000102a00000,0x0000000102b00000] [id=19476]
  0x000001ed10634b00 GCTaskThread "GC Thread#9" [stack: 0x0000000102b00000,0x0000000102c00000] [id=19232]
  0x000001eca61011c0 ConcurrentGCThread "G1 Main Marker" [stack: 0x0000000100800000,0x0000000100900000] [id=13356]
  0x000001eca6101af0 ConcurrentGCThread "G1 Conc#0" [stack: 0x0000000100900000,0x0000000100a00000] [id=22756]
  0x000001ed10d2b010 ConcurrentGCThread "G1 Conc#1" [stack: 0x0000000103200000,0x0000000103300000] [id=12724]
  0x000001ed113d05e0 ConcurrentGCThread "G1 Conc#2" [stack: 0x0000000103300000,0x0000000103400000] [id=10968]
  0x000001eca612eb90 ConcurrentGCThread "G1 Refine#0" [stack: 0x0000000100a00000,0x0000000100b00000] [id=14824]
  0x000001ed19d7ed50 ConcurrentGCThread "G1 Refine#1" [stack: 0x000000010a600000,0x000000010a700000] [id=17920]
  0x000001ed19d7c140 ConcurrentGCThread "G1 Refine#2" [stack: 0x000000010a900000,0x000000010aa00000] [id=23364]
  0x000001ed19d7e190 ConcurrentGCThread "G1 Refine#3" [stack: 0x000000010aa00000,0x000000010ab00000] [id=10356]
  0x000001ed19d7c720 ConcurrentGCThread "G1 Refine#4" [stack: 0x000000010ab00000,0x000000010ac00000] [id=15568]
  0x000001ed19d7e480 ConcurrentGCThread "G1 Refine#5" [stack: 0x000000010ac00000,0x000000010ad00000] [id=13204]
  0x000001ed19d7d2e0 ConcurrentGCThread "G1 Refine#6" [stack: 0x000000010ad00000,0x000000010ae00000] [id=7028]
  0x000001ed28302690 ConcurrentGCThread "G1 Refine#7" [stack: 0x000000010d500000,0x000000010d600000] [id=12136]
  0x000001ecc92578a0 ConcurrentGCThread "G1 Service" [stack: 0x0000000100b00000,0x0000000100c00000] [id=9448]

Threads with active compile tasks:

VM state: at safepoint (normal execution)

VM Mutex/Monitor currently owned by a thread:  ([mutex/lock_event])
[0x000001eca3f3b8f0] Threads_lock - owner thread: 0x000001ecc9399360
[0x000001eca607e070] Heap_lock - owner thread: 0x000001ed1ab34020

Heap address: 0x0000000700000000, size: 4096 MB, Compressed Oops mode: Zero based, Oop shift amount: 3

CDS archive(s) mapped at: [0x000001ecca000000-0x000001eccabb0000-0x000001eccabb0000), size 12255232, SharedBaseAddress: 0x000001ecca000000, ArchiveRelocationMode: 1.
Compressed class space mapped at: 0x000001eccb000000-0x000001ed0b000000, reserved size: 1073741824
Narrow klass base: 0x000001ecca000000, Narrow klass shift: 0, Narrow klass range: 0x100000000

GC Precious Log:
 CPUs: 12 total, 12 available
 Memory: 7895M
 Large Page Support: Disabled
 NUMA Support: Disabled
 Compressed Oops: Enabled (Zero based)
 Heap Region Size: 2M
 Heap Min Capacity: 8M
 Heap Initial Capacity: 124M
 Heap Max Capacity: 4G
 Pre-touch: Disabled
 Parallel Workers: 10
 Concurrent Workers: 3
 Concurrent Refinement Workers: 10
 Periodic GC: Disabled

Heap:
 garbage-first heap   total 1648640K, used 337024K [0x0000000700000000, 0x0000000800000000)
  region size 2048K, 3 young (6144K), 3 survivors (6144K)
 Metaspace       used 206876K, committed 208384K, reserved 1245184K
  class space    used 26424K, committed 27136K, reserved 1048576K

Heap Regions: E=young(eden), S=young(survivor), O=old, HS=humongous(starts), HC=humongous(continues), CS=collection set, F=free, OA=open archive, CA=closed archive, TAMS=top-at-mark-start (previous, next)
|   0|0x0000000700000000, 0x0000000700200000, 0x0000000700200000|100%|HS|  |TAMS 0x0000000700200000, 0x0000000700000000| Complete 
|   1|0x0000000700200000, 0x0000000700400000, 0x0000000700400000|100%|HC|  |TAMS 0x0000000700400000, 0x0000000700200000| Complete 
|   2|0x0000000700400000, 0x0000000700600000, 0x0000000700600000|100%| O|  |TAMS 0x0000000700600000, 0x0000000700400000| Untracked 
|   3|0x0000000700600000, 0x0000000700800000, 0x0000000700800000|100%| O|  |TAMS 0x0000000700800000, 0x0000000700600000| Untracked 
|   4|0x0000000700800000, 0x0000000700a00000, 0x0000000700a00000|100%| O|  |TAMS 0x0000000700a00000, 0x0000000700800000| Untracked 
|   5|0x0000000700a00000, 0x0000000700c00000, 0x0000000700c00000|100%| O|  |TAMS 0x0000000700c00000, 0x0000000700a00000| Untracked 
|   6|0x0000000700c00000, 0x0000000700e00000, 0x0000000700e00000|100%| O|  |TAMS 0x0000000700e00000, 0x0000000700c00000| Untracked 
|   7|0x0000000700e00000, 0x0000000701000000, 0x0000000701000000|100%| O|  |TAMS 0x0000000701000000, 0x0000000700e00000| Untracked 
|   8|0x0000000701000000, 0x0000000701200000, 0x0000000701200000|100%| O|  |TAMS 0x0000000701200000, 0x0000000701000000| Untracked 
|   9|0x0000000701200000, 0x00000007012ee000, 0x0000000701400000| 46%| O|  |TAMS 0x00000007012ee000, 0x0000000701200000| Untracked 
|  10|0x0000000701400000, 0x0000000701600000, 0x0000000701600000|100%| O|  |TAMS 0x0000000701600000, 0x0000000701400000| Untracked 
|  11|0x0000000701600000, 0x0000000701800000, 0x0000000701800000|100%| O|  |TAMS 0x0000000701800000, 0x0000000701600000| Untracked 
|  12|0x0000000701800000, 0x0000000701a00000, 0x0000000701a00000|100%| O|  |TAMS 0x0000000701a00000, 0x0000000701800000| Untracked 
|  13|0x0000000701a00000, 0x0000000701c00000, 0x0000000701c00000|100%| O|  |TAMS 0x0000000701c00000, 0x0000000701a00000| Untracked 
|  14|0x0000000701c00000, 0x0000000701e00000, 0x0000000701e00000|100%| O|  |TAMS 0x0000000701e00000, 0x0000000701c00000| Untracked 
|  15|0x0000000701e00000, 0x0000000702000000, 0x0000000702000000|100%| O|  |TAMS 0x0000000702000000, 0x0000000701e00000| Untracked 
|  16|0x0000000702000000, 0x0000000702200000, 0x0000000702200000|100%| O|  |TAMS 0x0000000702200000, 0x0000000702000000| Untracked 
|  17|0x0000000702200000, 0x0000000702400000, 0x0000000702400000|100%| O|  |TAMS 0x0000000702400000, 0x0000000702200000| Untracked 
|  18|0x0000000702400000, 0x0000000702600000, 0x0000000702600000|100%| O|  |TAMS 0x0000000702600000, 0x0000000702400000| Untracked 
|  19|0x0000000702600000, 0x0000000702800000, 0x0000000702800000|100%| O|  |TAMS 0x0000000702800000, 0x0000000702600000| Untracked 
|  20|0x0000000702800000, 0x0000000702a00000, 0x0000000702a00000|100%| O|  |TAMS 0x0000000702a00000, 0x0000000702800000| Untracked 
|  21|0x0000000702a00000, 0x0000000702c00000, 0x0000000702c00000|100%| O|  |TAMS 0x0000000702c00000, 0x0000000702a00000| Untracked 
|  22|0x0000000702c00000, 0x0000000702e00000, 0x0000000702e00000|100%|HS|  |TAMS 0x0000000702e00000, 0x0000000702c00000| Complete 
|  23|0x0000000702e00000, 0x0000000703000000, 0x0000000703000000|100%|HS|  |TAMS 0x0000000703000000, 0x0000000702e00000| Complete 
|  24|0x0000000703000000, 0x0000000703200000, 0x0000000703200000|100%| O|  |TAMS 0x0000000703200000, 0x0000000703000000| Untracked 
|  25|0x0000000703200000, 0x0000000703400000, 0x0000000703400000|100%| O|  |TAMS 0x0000000703400000, 0x0000000703200000| Untracked 
|  26|0x0000000703400000, 0x0000000703600000, 0x0000000703600000|100%| O|  |TAMS 0x0000000703600000, 0x0000000703400000| Untracked 
|  27|0x0000000703600000, 0x0000000703800000, 0x0000000703800000|100%| O|  |TAMS 0x0000000703800000, 0x0000000703600000| Untracked 
|  28|0x0000000703800000, 0x0000000703a00000, 0x0000000703a00000|100%| O|  |TAMS 0x0000000703a00000, 0x0000000703800000| Untracked 
|  29|0x0000000703a00000, 0x0000000703c00000, 0x0000000703c00000|100%| O|  |TAMS 0x0000000703c00000, 0x0000000703a00000| Untracked 
|  30|0x0000000703c00000, 0x0000000703e00000, 0x0000000703e00000|100%| O|  |TAMS 0x0000000703e00000, 0x0000000703c00000| Untracked 
|  31|0x0000000703e00000, 0x0000000704000000, 0x0000000704000000|100%| O|  |TAMS 0x0000000704000000, 0x0000000703e00000| Untracked 
|  32|0x0000000704000000, 0x0000000704200000, 0x0000000704200000|100%| O|  |TAMS 0x0000000704200000, 0x0000000704000000| Untracked 
|  33|0x0000000704200000, 0x0000000704400000, 0x0000000704400000|100%| O|  |TAMS 0x0000000704200000, 0x0000000704200000| Untracked 
|  34|0x0000000704400000, 0x0000000704600000, 0x0000000704600000|100%| O|  |TAMS 0x0000000704400000, 0x0000000704400000| Untracked 
|  35|0x0000000704600000, 0x0000000704800000, 0x0000000704800000|100%| O|  |TAMS 0x0000000704600000, 0x0000000704600000| Untracked 
|  36|0x0000000704800000, 0x0000000704a00000, 0x0000000704a00000|100%| O|  |TAMS 0x0000000704800000, 0x0000000704800000| Untracked 
|  37|0x0000000704a00000, 0x0000000704c00000, 0x0000000704c00000|100%| O|  |TAMS 0x0000000704a00000, 0x0000000704a00000| Untracked 
|  38|0x0000000704c00000, 0x0000000704e00000, 0x0000000704e00000|100%| O|  |TAMS 0x0000000704e00000, 0x0000000704c00000| Untracked 
|  39|0x0000000704e00000, 0x0000000705000000, 0x0000000705000000|100%|HS|  |TAMS 0x0000000705000000, 0x0000000704e00000| Complete 
|  40|0x0000000705000000, 0x0000000705200000, 0x0000000705200000|100%|HS|  |TAMS 0x0000000705200000, 0x0000000705000000| Complete 
|  41|0x0000000705200000, 0x0000000705400000, 0x0000000705400000|100%|HC|  |TAMS 0x0000000705400000, 0x0000000705200000| Complete 
|  42|0x0000000705400000, 0x0000000705600000, 0x0000000705600000|100%|HS|  |TAMS 0x0000000705600000, 0x0000000705400000| Complete 
|  43|0x0000000705600000, 0x0000000705800000, 0x0000000705800000|100%|HS|  |TAMS 0x0000000705800000, 0x0000000705600000| Complete 
|  44|0x0000000705800000, 0x0000000705a00000, 0x0000000705a00000|100%|HC|  |TAMS 0x0000000705a00000, 0x0000000705800000| Complete 
|  45|0x0000000705a00000, 0x0000000705c00000, 0x0000000705c00000|100%| O|  |TAMS 0x0000000705c00000, 0x0000000705a00000| Untracked 
|  46|0x0000000705c00000, 0x0000000705e00000, 0x0000000705e00000|100%| O|  |TAMS 0x0000000705e00000, 0x0000000705c00000| Untracked 
|  47|0x0000000705e00000, 0x0000000706000000, 0x0000000706000000|100%| O|  |TAMS 0x0000000706000000, 0x0000000705e00000| Untracked 
|  48|0x0000000706000000, 0x0000000706200000, 0x0000000706200000|100%| O|  |TAMS 0x0000000706200000, 0x0000000706000000| Untracked 
|  49|0x0000000706200000, 0x0000000706400000, 0x0000000706400000|100%| O|  |TAMS 0x0000000706400000, 0x0000000706200000| Untracked 
|  50|0x0000000706400000, 0x0000000706600000, 0x0000000706600000|100%| O|  |TAMS 0x0000000706600000, 0x0000000706400000| Untracked 
|  51|0x0000000706600000, 0x0000000706800000, 0x0000000706800000|100%| O|  |TAMS 0x0000000706800000, 0x0000000706600000| Untracked 
|  52|0x0000000706800000, 0x0000000706a00000, 0x0000000706a00000|100%| O|  |TAMS 0x0000000706a00000, 0x0000000706800000| Untracked 
|  53|0x0000000706a00000, 0x0000000706c00000, 0x0000000706c00000|100%| O|  |TAMS 0x0000000706c00000, 0x0000000706a00000| Untracked 
|  54|0x0000000706c00000, 0x0000000706e00000, 0x0000000706e00000|100%| O|  |TAMS 0x0000000706e00000, 0x0000000706c00000| Untracked 
|  55|0x0000000706e00000, 0x0000000707000000, 0x0000000707000000|100%| O|  |TAMS 0x0000000707000000, 0x0000000706e00000| Untracked 
|  56|0x0000000707000000, 0x0000000707200000, 0x0000000707200000|100%| O|  |TAMS 0x0000000707000000, 0x0000000707000000| Untracked 
|  57|0x0000000707200000, 0x0000000707400000, 0x0000000707400000|100%| O|  |TAMS 0x0000000707200000, 0x0000000707200000| Untracked 
|  58|0x0000000707400000, 0x0000000707600000, 0x0000000707600000|100%| O|  |TAMS 0x0000000707400000, 0x0000000707400000| Untracked 
|  59|0x0000000707600000, 0x0000000707800000, 0x0000000707800000|100%| O|  |TAMS 0x0000000707800000, 0x0000000707600000| Untracked 
|  60|0x0000000707800000, 0x0000000707a00000, 0x0000000707a00000|100%| O|  |TAMS 0x0000000707a00000, 0x0000000707800000| Untracked 
|  61|0x0000000707a00000, 0x0000000707c00000, 0x0000000707c00000|100%| O|  |TAMS 0x0000000707c00000, 0x0000000707a00000| Untracked 
|  62|0x0000000707c00000, 0x0000000707e00000, 0x0000000707e00000|100%| O|  |TAMS 0x0000000707e00000, 0x0000000707c00000| Untracked 
|  63|0x0000000707e00000, 0x0000000708000000, 0x0000000708000000|100%| O|  |TAMS 0x0000000708000000, 0x0000000707e00000| Untracked 
|  64|0x0000000708000000, 0x0000000708200000, 0x0000000708200000|100%| O|  |TAMS 0x0000000708200000, 0x0000000708000000| Untracked 
|  65|0x0000000708200000, 0x0000000708400000, 0x0000000708400000|100%| O|  |TAMS 0x0000000708400000, 0x0000000708200000| Untracked 
|  66|0x0000000708400000, 0x0000000708600000, 0x0000000708600000|100%| O|  |TAMS 0x0000000708600000, 0x0000000708400000| Untracked 
|  67|0x0000000708600000, 0x0000000708800000, 0x0000000708800000|100%| O|  |TAMS 0x0000000708800000, 0x0000000708600000| Untracked 
|  68|0x0000000708800000, 0x0000000708a00000, 0x0000000708a00000|100%| O|  |TAMS 0x0000000708a00000, 0x0000000708800000| Untracked 
|  69|0x0000000708a00000, 0x0000000708c00000, 0x0000000708c00000|100%| O|  |TAMS 0x0000000708c00000, 0x0000000708a00000| Untracked 
|  70|0x0000000708c00000, 0x0000000708e00000, 0x0000000708e00000|100%| O|  |TAMS 0x0000000708e00000, 0x0000000708c00000| Untracked 
|  71|0x0000000708e00000, 0x0000000709000000, 0x0000000709000000|100%| O|  |TAMS 0x0000000709000000, 0x0000000708e00000| Untracked 
|  72|0x0000000709000000, 0x0000000709200000, 0x0000000709200000|100%| O|  |TAMS 0x0000000709200000, 0x0000000709000000| Untracked 
|  73|0x0000000709200000, 0x0000000709400000, 0x0000000709400000|100%| O|  |TAMS 0x0000000709400000, 0x0000000709200000| Untracked 
|  74|0x0000000709400000, 0x0000000709600000, 0x0000000709600000|100%| O|  |TAMS 0x0000000709600000, 0x0000000709400000| Untracked 
|  75|0x0000000709600000, 0x0000000709800000, 0x0000000709800000|100%| O|  |TAMS 0x0000000709800000, 0x0000000709600000| Untracked 
|  76|0x0000000709800000, 0x0000000709a00000, 0x0000000709a00000|100%| O|  |TAMS 0x0000000709a00000, 0x0000000709800000| Untracked 
|  77|0x0000000709a00000, 0x0000000709c00000, 0x0000000709c00000|100%| O|  |TAMS 0x0000000709c00000, 0x0000000709a00000| Untracked 
|  78|0x0000000709c00000, 0x0000000709e00000, 0x0000000709e00000|100%| O|  |TAMS 0x0000000709e00000, 0x0000000709c00000| Untracked 
|  79|0x0000000709e00000, 0x000000070a000000, 0x000000070a000000|100%| O|  |TAMS 0x000000070a000000, 0x0000000709e00000| Untracked 
|  80|0x000000070a000000, 0x000000070a200000, 0x000000070a200000|100%| O|  |TAMS 0x000000070a200000, 0x000000070a000000| Untracked 
|  81|0x000000070a200000, 0x000000070a400000, 0x000000070a400000|100%| O|  |TAMS 0x000000070a400000, 0x000000070a200000| Untracked 
|  82|0x000000070a400000, 0x000000070a600000, 0x000000070a600000|100%| O|  |TAMS 0x000000070a600000, 0x000000070a400000| Untracked 
|  83|0x000000070a600000, 0x000000070a800000, 0x000000070a800000|100%| O|  |TAMS 0x000000070a800000, 0x000000070a600000| Untracked 
|  84|0x000000070a800000, 0x000000070aa00000, 0x000000070aa00000|100%| O|  |TAMS 0x000000070aa00000, 0x000000070a800000| Untracked 
|  85|0x000000070aa00000, 0x000000070ac00000, 0x000000070ac00000|100%| O|  |TAMS 0x000000070ac00000, 0x000000070aa00000| Untracked 
|  86|0x000000070ac00000, 0x000000070ae00000, 0x000000070ae00000|100%| O|  |TAMS 0x000000070ac00000, 0x000000070ac00000| Untracked 
|  87|0x000000070ae00000, 0x000000070b000000, 0x000000070b000000|100%| O|  |TAMS 0x000000070afcdc00, 0x000000070ae00000| Untracked 
|  88|0x000000070b000000, 0x000000070b200000, 0x000000070b200000|100%| O|  |TAMS 0x000000070b000000, 0x000000070b000000| Untracked 
|  89|0x000000070b200000, 0x000000070b400000, 0x000000070b400000|100%| O|  |TAMS 0x000000070b200000, 0x000000070b200000| Untracked 
|  90|0x000000070b400000, 0x000000070b600000, 0x000000070b600000|100%| O|  |TAMS 0x000000070b400000, 0x000000070b400000| Untracked 
|  91|0x000000070b600000, 0x000000070b800000, 0x000000070b800000|100%| O|  |TAMS 0x000000070b600000, 0x000000070b600000| Untracked 
|  92|0x000000070b800000, 0x000000070ba00000, 0x000000070ba00000|100%| O|  |TAMS 0x000000070b800000, 0x000000070b800000| Untracked 
|  93|0x000000070ba00000, 0x000000070bc00000, 0x000000070bc00000|100%| O|  |TAMS 0x000000070ba00000, 0x000000070ba00000| Untracked 
|  94|0x000000070bc00000, 0x000000070be00000, 0x000000070be00000|100%|HS|  |TAMS 0x000000070bc00000, 0x000000070bc00000| Complete 
|  95|0x000000070be00000, 0x000000070c000000, 0x000000070c000000|100%|HC|  |TAMS 0x000000070be00000, 0x000000070be00000| Complete 
|  96|0x000000070c000000, 0x000000070c200000, 0x000000070c200000|100%|HC|  |TAMS 0x000000070c000000, 0x000000070c000000| Complete 
|  97|0x000000070c200000, 0x000000070c400000, 0x000000070c400000|100%| O|  |TAMS 0x000000070c200000, 0x000000070c200000| Untracked 
|  98|0x000000070c400000, 0x000000070c600000, 0x000000070c600000|100%| O|  |TAMS 0x000000070c400000, 0x000000070c400000| Untracked 
|  99|0x000000070c600000, 0x000000070c800000, 0x000000070c800000|100%| O|  |TAMS 0x000000070c600000, 0x000000070c600000| Untracked 
| 100|0x000000070c800000, 0x000000070ca00000, 0x000000070ca00000|100%| O|  |TAMS 0x000000070c800000, 0x000000070c800000| Untracked 
| 101|0x000000070ca00000, 0x000000070cc00000, 0x000000070cc00000|100%| O|  |TAMS 0x000000070ca00000, 0x000000070ca00000| Untracked 
| 102|0x000000070cc00000, 0x000000070ce00000, 0x000000070ce00000|100%| O|  |TAMS 0x000000070cc00000, 0x000000070cc00000| Untracked 
| 103|0x000000070ce00000, 0x000000070d000000, 0x000000070d000000|100%| O|  |TAMS 0x000000070ce00000, 0x000000070ce00000| Untracked 
| 104|0x000000070d000000, 0x000000070d200000, 0x000000070d200000|100%| O|  |TAMS 0x000000070d000000, 0x000000070d000000| Untracked 
| 105|0x000000070d200000, 0x000000070d400000, 0x000000070d400000|100%| O|  |TAMS 0x000000070d200000, 0x000000070d200000| Untracked 
| 106|0x000000070d400000, 0x000000070d600000, 0x000000070d600000|100%| O|  |TAMS 0x000000070d400000, 0x000000070d400000| Untracked 
| 107|0x000000070d600000, 0x000000070d800000, 0x000000070d800000|100%| O|  |TAMS 0x000000070d600000, 0x000000070d600000| Untracked 
| 108|0x000000070d800000, 0x000000070da00000, 0x000000070da00000|100%| O|  |TAMS 0x000000070d800000, 0x000000070d800000| Untracked 
| 109|0x000000070da00000, 0x000000070dc00000, 0x000000070dc00000|100%| O|  |TAMS 0x000000070da00000, 0x000000070da00000| Untracked 
| 110|0x000000070dc00000, 0x000000070de00000, 0x000000070de00000|100%| O|  |TAMS 0x000000070dc00000, 0x000000070dc00000| Untracked 
| 111|0x000000070de00000, 0x000000070e000000, 0x000000070e000000|100%| O|  |TAMS 0x000000070de00000, 0x000000070de00000| Untracked 
| 112|0x000000070e000000, 0x000000070e200000, 0x000000070e200000|100%| O|  |TAMS 0x000000070e000000, 0x000000070e000000| Untracked 
| 113|0x000000070e200000, 0x000000070e400000, 0x000000070e400000|100%| O|  |TAMS 0x000000070e200000, 0x000000070e200000| Untracked 
| 114|0x000000070e400000, 0x000000070e600000, 0x000000070e600000|100%| O|  |TAMS 0x000000070e400000, 0x000000070e400000| Untracked 
| 115|0x000000070e600000, 0x000000070e800000, 0x000000070e800000|100%| O|  |TAMS 0x000000070e600000, 0x000000070e600000| Untracked 
| 116|0x000000070e800000, 0x000000070ea00000, 0x000000070ea00000|100%| O|  |TAMS 0x000000070e800000, 0x000000070e800000| Untracked 
| 117|0x000000070ea00000, 0x000000070ec00000, 0x000000070ec00000|100%| O|  |TAMS 0x000000070ea00000, 0x000000070ea00000| Untracked 
| 118|0x000000070ec00000, 0x000000070ee00000, 0x000000070ee00000|100%| O|  |TAMS 0x000000070ec00000, 0x000000070ec00000| Untracked 
| 119|0x000000070ee00000, 0x000000070f000000, 0x000000070f000000|100%| O|  |TAMS 0x000000070ee00000, 0x000000070ee00000| Untracked 
| 120|0x000000070f000000, 0x000000070f200000, 0x000000070f200000|100%| O|  |TAMS 0x000000070f000000, 0x000000070f000000| Untracked 
| 121|0x000000070f200000, 0x000000070f400000, 0x000000070f400000|100%| O|  |TAMS 0x000000070f200000, 0x000000070f200000| Untracked 
| 122|0x000000070f400000, 0x000000070f600000, 0x000000070f600000|100%| O|  |TAMS 0x000000070f400000, 0x000000070f400000| Untracked 
| 123|0x000000070f600000, 0x000000070f800000, 0x000000070f800000|100%|HS|  |TAMS 0x000000070f600000, 0x000000070f600000| Complete 
| 124|0x000000070f800000, 0x000000070fa00000, 0x000000070fa00000|100%|HS|  |TAMS 0x000000070f800000, 0x000000070f800000| Complete 
| 125|0x000000070fa00000, 0x000000070fc00000, 0x000000070fc00000|100%|HC|  |TAMS 0x000000070fa00000, 0x000000070fa00000| Complete 
| 126|0x000000070fc00000, 0x000000070fe00000, 0x000000070fe00000|100%| O|  |TAMS 0x000000070fc00000, 0x000000070fc00000| Untracked 
| 127|0x000000070fe00000, 0x0000000710000000, 0x0000000710000000|100%| O|  |TAMS 0x000000070fe00000, 0x000000070fe00000| Untracked 
| 128|0x0000000710000000, 0x0000000710200000, 0x0000000710200000|100%| O|  |TAMS 0x0000000710000000, 0x0000000710000000| Untracked 
| 129|0x0000000710200000, 0x0000000710400000, 0x0000000710400000|100%| O|  |TAMS 0x0000000710200000, 0x0000000710200000| Untracked 
| 130|0x0000000710400000, 0x0000000710600000, 0x0000000710600000|100%| O|  |TAMS 0x0000000710400000, 0x0000000710400000| Untracked 
| 131|0x0000000710600000, 0x0000000710800000, 0x0000000710800000|100%| O|  |TAMS 0x0000000710600000, 0x0000000710600000| Untracked 
| 132|0x0000000710800000, 0x0000000710a00000, 0x0000000710a00000|100%| O|  |TAMS 0x0000000710800000, 0x0000000710800000| Untracked 
| 133|0x0000000710a00000, 0x0000000710c00000, 0x0000000710c00000|100%| O|  |TAMS 0x0000000710a00000, 0x0000000710a00000| Untracked 
| 134|0x0000000710c00000, 0x0000000710e00000, 0x0000000710e00000|100%| O|  |TAMS 0x0000000710c00000, 0x0000000710c00000| Untracked 
| 135|0x0000000710e00000, 0x0000000711000000, 0x0000000711000000|100%| O|  |TAMS 0x0000000710e00000, 0x0000000710e00000| Untracked 
| 136|0x0000000711000000, 0x0000000711200000, 0x0000000711200000|100%| O|  |TAMS 0x0000000711000000, 0x0000000711000000| Untracked 
| 137|0x0000000711200000, 0x0000000711400000, 0x0000000711400000|100%| O|  |TAMS 0x0000000711200000, 0x0000000711200000| Untracked 
| 138|0x0000000711400000, 0x0000000711600000, 0x0000000711600000|100%| O|  |TAMS 0x0000000711400000, 0x0000000711400000| Untracked 
| 139|0x0000000711600000, 0x0000000711800000, 0x0000000711800000|100%| O|  |TAMS 0x0000000711600000, 0x0000000711600000| Untracked 
| 140|0x0000000711800000, 0x0000000711a00000, 0x0000000711a00000|100%| O|  |TAMS 0x0000000711800000, 0x0000000711800000| Untracked 
| 141|0x0000000711a00000, 0x0000000711c00000, 0x0000000711c00000|100%| O|  |TAMS 0x0000000711a00000, 0x0000000711a00000| Untracked 
| 142|0x0000000711c00000, 0x0000000711e00000, 0x0000000711e00000|100%| O|  |TAMS 0x0000000711c00000, 0x0000000711c00000| Untracked 
| 143|0x0000000711e00000, 0x0000000712000000, 0x0000000712000000|100%| O|  |TAMS 0x0000000711e00000, 0x0000000711e00000| Untracked 
| 144|0x0000000712000000, 0x0000000712200000, 0x0000000712200000|100%| O|  |TAMS 0x0000000712000000, 0x0000000712000000| Untracked 
| 145|0x0000000712200000, 0x0000000712400000, 0x0000000712400000|100%| O|  |TAMS 0x0000000712200000, 0x0000000712200000| Untracked 
| 146|0x0000000712400000, 0x0000000712600000, 0x0000000712600000|100%| O|  |TAMS 0x0000000712400000, 0x0000000712400000| Untracked 
| 147|0x0000000712600000, 0x0000000712800000, 0x0000000712800000|100%| O|  |TAMS 0x0000000712600000, 0x0000000712600000| Untracked 
| 148|0x0000000712800000, 0x0000000712a00000, 0x0000000712a00000|100%| O|  |TAMS 0x0000000712800000, 0x0000000712800000| Untracked 
| 149|0x0000000712a00000, 0x0000000712c00000, 0x0000000712c00000|100%| O|  |TAMS 0x0000000712a00000, 0x0000000712a00000| Untracked 
| 150|0x0000000712c00000, 0x0000000712e00000, 0x0000000712e00000|100%| O|  |TAMS 0x0000000712c00000, 0x0000000712c00000| Untracked 
| 151|0x0000000712e00000, 0x0000000713000000, 0x0000000713000000|100%| O|  |TAMS 0x0000000712e00000, 0x0000000712e00000| Untracked 
| 152|0x0000000713000000, 0x0000000713200000, 0x0000000713200000|100%| O|  |TAMS 0x0000000713000000, 0x0000000713000000| Untracked 
| 153|0x0000000713200000, 0x0000000713400000, 0x0000000713400000|100%| O|  |TAMS 0x0000000713200000, 0x0000000713200000| Untracked 
| 154|0x0000000713400000, 0x0000000713600000, 0x0000000713600000|100%| O|  |TAMS 0x0000000713400000, 0x0000000713400000| Untracked 
| 155|0x0000000713600000, 0x0000000713800000, 0x0000000713800000|100%| O|  |TAMS 0x0000000713600000, 0x0000000713600000| Untracked 
| 156|0x0000000713800000, 0x0000000713a00000, 0x0000000713a00000|100%| O|  |TAMS 0x0000000713800000, 0x0000000713800000| Untracked 
| 157|0x0000000713a00000, 0x0000000713c00000, 0x0000000713c00000|100%| O|  |TAMS 0x0000000713a00000, 0x0000000713a00000| Untracked 
| 158|0x0000000713c00000, 0x0000000713e00000, 0x0000000713e00000|100%| O|  |TAMS 0x0000000713c00000, 0x0000000713c00000| Untracked 
| 159|0x0000000713e00000, 0x0000000714000000, 0x0000000714000000|100%| O|  |TAMS 0x0000000713e00000, 0x0000000713e00000| Untracked 
| 160|0x0000000714000000, 0x0000000714200000, 0x0000000714200000|100%| O|  |TAMS 0x0000000714000000, 0x0000000714000000| Untracked 
| 161|0x0000000714200000, 0x0000000714400000, 0x0000000714400000|100%| O|  |TAMS 0x0000000714200000, 0x0000000714200000| Untracked 
| 162|0x0000000714400000, 0x0000000714456a00, 0x0000000714600000| 16%| O|  |TAMS 0x0000000714400000, 0x0000000714400000| Untracked 
| 163|0x0000000714600000, 0x0000000714600000, 0x0000000714800000|  0%| F|  |TAMS 0x0000000714600000, 0x0000000714600000| Untracked 
| 164|0x0000000714800000, 0x0000000714800000, 0x0000000714a00000|  0%| F|  |TAMS 0x0000000714800000, 0x0000000714800000| Untracked 
| 165|0x0000000714a00000, 0x0000000714a00000, 0x0000000714c00000|  0%| F|  |TAMS 0x0000000714a00000, 0x0000000714a00000| Untracked 
| 166|0x0000000714c00000, 0x0000000714c00000, 0x0000000714e00000|  0%| F|  |TAMS 0x0000000714c00000, 0x0000000714c00000| Untracked 
| 167|0x0000000714e00000, 0x0000000714e00000, 0x0000000715000000|  0%| F|  |TAMS 0x0000000714e00000, 0x0000000714e00000| Untracked 
| 168|0x0000000715000000, 0x0000000715000000, 0x0000000715200000|  0%| F|  |TAMS 0x0000000715000000, 0x0000000715000000| Untracked 
| 169|0x0000000715200000, 0x0000000715200000, 0x0000000715400000|  0%| F|  |TAMS 0x0000000715200000, 0x0000000715200000| Untracked 
| 170|0x0000000715400000, 0x0000000715400000, 0x0000000715600000|  0%| F|  |TAMS 0x0000000715400000, 0x0000000715400000| Untracked 
| 171|0x0000000715600000, 0x0000000715600000, 0x0000000715800000|  0%| F|  |TAMS 0x0000000715600000, 0x0000000715600000| Untracked 
| 172|0x0000000715800000, 0x0000000715800000, 0x0000000715a00000|  0%| F|  |TAMS 0x0000000715800000, 0x0000000715800000| Untracked 
| 173|0x0000000715a00000, 0x0000000715a00000, 0x0000000715c00000|  0%| F|  |TAMS 0x0000000715a00000, 0x0000000715a00000| Untracked 
| 174|0x0000000715c00000, 0x0000000715c00000, 0x0000000715e00000|  0%| F|  |TAMS 0x0000000715c00000, 0x0000000715c00000| Untracked 
| 175|0x0000000715e00000, 0x0000000715e00000, 0x0000000716000000|  0%| F|  |TAMS 0x0000000715e00000, 0x0000000715e00000| Untracked 
| 176|0x0000000716000000, 0x0000000716000000, 0x0000000716200000|  0%| F|  |TAMS 0x0000000716000000, 0x0000000716000000| Untracked 
| 177|0x0000000716200000, 0x0000000716200000, 0x0000000716400000|  0%| F|  |TAMS 0x0000000716200000, 0x0000000716200000| Untracked 
| 178|0x0000000716400000, 0x0000000716400000, 0x0000000716600000|  0%| F|  |TAMS 0x0000000716400000, 0x0000000716400000| Untracked 
| 179|0x0000000716600000, 0x0000000716600000, 0x0000000716800000|  0%| F|  |TAMS 0x0000000716600000, 0x0000000716600000| Untracked 
| 180|0x0000000716800000, 0x0000000716800000, 0x0000000716a00000|  0%| F|  |TAMS 0x0000000716800000, 0x0000000716800000| Untracked 
| 181|0x0000000716a00000, 0x0000000716a00000, 0x0000000716c00000|  0%| F|  |TAMS 0x0000000716a00000, 0x0000000716a00000| Untracked 
| 182|0x0000000716c00000, 0x0000000716c00000, 0x0000000716e00000|  0%| F|  |TAMS 0x0000000716c00000, 0x0000000716c00000| Untracked 
| 183|0x0000000716e00000, 0x0000000716e00000, 0x0000000717000000|  0%| F|  |TAMS 0x0000000716e00000, 0x0000000716e00000| Untracked 
| 184|0x0000000717000000, 0x0000000717000000, 0x0000000717200000|  0%| F|  |TAMS 0x0000000717000000, 0x0000000717000000| Untracked 
| 185|0x0000000717200000, 0x0000000717200000, 0x0000000717400000|  0%| F|  |TAMS 0x0000000717200000, 0x0000000717200000| Untracked 
| 186|0x0000000717400000, 0x0000000717400000, 0x0000000717600000|  0%| F|  |TAMS 0x0000000717400000, 0x0000000717400000| Untracked 
| 187|0x0000000717600000, 0x0000000717600000, 0x0000000717800000|  0%| F|  |TAMS 0x0000000717600000, 0x0000000717600000| Untracked 
| 188|0x0000000717800000, 0x0000000717800000, 0x0000000717a00000|  0%| F|  |TAMS 0x0000000717800000, 0x0000000717800000| Untracked 
| 189|0x0000000717a00000, 0x0000000717a00000, 0x0000000717c00000|  0%| F|  |TAMS 0x0000000717a00000, 0x0000000717a00000| Untracked 
| 190|0x0000000717c00000, 0x0000000717c00000, 0x0000000717e00000|  0%| F|  |TAMS 0x0000000717c00000, 0x0000000717c00000| Untracked 
| 191|0x0000000717e00000, 0x0000000717e00000, 0x0000000718000000|  0%| F|  |TAMS 0x0000000717e00000, 0x0000000717e00000| Untracked 
| 192|0x0000000718000000, 0x0000000718000000, 0x0000000718200000|  0%| F|  |TAMS 0x0000000718000000, 0x0000000718000000| Untracked 
| 193|0x0000000718200000, 0x0000000718200000, 0x0000000718400000|  0%| F|  |TAMS 0x0000000718200000, 0x0000000718200000| Untracked 
| 194|0x0000000718400000, 0x0000000718400000, 0x0000000718600000|  0%| F|  |TAMS 0x0000000718400000, 0x0000000718400000| Untracked 
| 195|0x0000000718600000, 0x0000000718600000, 0x0000000718800000|  0%| F|  |TAMS 0x0000000718600000, 0x0000000718600000| Untracked 
| 196|0x0000000718800000, 0x0000000718800000, 0x0000000718a00000|  0%| F|  |TAMS 0x0000000718800000, 0x0000000718800000| Untracked 
| 197|0x0000000718a00000, 0x0000000718a00000, 0x0000000718c00000|  0%| F|  |TAMS 0x0000000718a00000, 0x0000000718a00000| Untracked 
| 198|0x0000000718c00000, 0x0000000718c00000, 0x0000000718e00000|  0%| F|  |TAMS 0x0000000718c00000, 0x0000000718c00000| Untracked 
| 199|0x0000000718e00000, 0x0000000718e00000, 0x0000000719000000|  0%| F|  |TAMS 0x0000000718e00000, 0x0000000718e00000| Untracked 
| 200|0x0000000719000000, 0x0000000719000000, 0x0000000719200000|  0%| F|  |TAMS 0x0000000719000000, 0x0000000719000000| Untracked 
| 201|0x0000000719200000, 0x0000000719200000, 0x0000000719400000|  0%| F|  |TAMS 0x0000000719200000, 0x0000000719200000| Untracked 
| 202|0x0000000719400000, 0x0000000719400000, 0x0000000719600000|  0%| F|  |TAMS 0x0000000719400000, 0x0000000719400000| Untracked 
| 203|0x0000000719600000, 0x0000000719600000, 0x0000000719800000|  0%| F|  |TAMS 0x0000000719600000, 0x0000000719600000| Untracked 
| 204|0x0000000719800000, 0x0000000719800000, 0x0000000719a00000|  0%| F|  |TAMS 0x0000000719800000, 0x0000000719800000| Untracked 
| 205|0x0000000719a00000, 0x0000000719a00000, 0x0000000719c00000|  0%| F|  |TAMS 0x0000000719a00000, 0x0000000719a00000| Untracked 
| 206|0x0000000719c00000, 0x0000000719c00000, 0x0000000719e00000|  0%| F|  |TAMS 0x0000000719c00000, 0x0000000719c00000| Untracked 
| 207|0x0000000719e00000, 0x0000000719e00000, 0x000000071a000000|  0%| F|  |TAMS 0x0000000719e00000, 0x0000000719e00000| Untracked 
| 208|0x000000071a000000, 0x000000071a000000, 0x000000071a200000|  0%| F|  |TAMS 0x000000071a000000, 0x000000071a000000| Untracked 
| 209|0x000000071a200000, 0x000000071a200000, 0x000000071a400000|  0%| F|  |TAMS 0x000000071a200000, 0x000000071a200000| Untracked 
| 210|0x000000071a400000, 0x000000071a400000, 0x000000071a600000|  0%| F|  |TAMS 0x000000071a400000, 0x000000071a400000| Untracked 
| 211|0x000000071a600000, 0x000000071a600000, 0x000000071a800000|  0%| F|  |TAMS 0x000000071a600000, 0x000000071a600000| Untracked 
| 212|0x000000071a800000, 0x000000071a800000, 0x000000071aa00000|  0%| F|  |TAMS 0x000000071a800000, 0x000000071a800000| Untracked 
| 213|0x000000071aa00000, 0x000000071aa00000, 0x000000071ac00000|  0%| F|  |TAMS 0x000000071aa00000, 0x000000071aa00000| Untracked 
| 214|0x000000071ac00000, 0x000000071ac00000, 0x000000071ae00000|  0%| F|  |TAMS 0x000000071ac00000, 0x000000071ac00000| Untracked 
| 215|0x000000071ae00000, 0x000000071ae00000, 0x000000071b000000|  0%| F|  |TAMS 0x000000071ae00000, 0x000000071ae00000| Untracked 
| 216|0x000000071b000000, 0x000000071b000000, 0x000000071b200000|  0%| F|  |TAMS 0x000000071b000000, 0x000000071b000000| Untracked 
| 217|0x000000071b200000, 0x000000071b200000, 0x000000071b400000|  0%| F|  |TAMS 0x000000071b200000, 0x000000071b200000| Untracked 
| 218|0x000000071b400000, 0x000000071b400000, 0x000000071b600000|  0%| F|  |TAMS 0x000000071b400000, 0x000000071b400000| Untracked 
| 219|0x000000071b600000, 0x000000071b600000, 0x000000071b800000|  0%| F|  |TAMS 0x000000071b600000, 0x000000071b600000| Untracked 
| 220|0x000000071b800000, 0x000000071b800000, 0x000000071ba00000|  0%| F|  |TAMS 0x000000071b800000, 0x000000071b800000| Untracked 
| 221|0x000000071ba00000, 0x000000071ba00000, 0x000000071bc00000|  0%| F|  |TAMS 0x000000071ba00000, 0x000000071ba00000| Untracked 
| 222|0x000000071bc00000, 0x000000071bc00000, 0x000000071be00000|  0%| F|  |TAMS 0x000000071bc00000, 0x000000071bc00000| Untracked 
| 223|0x000000071be00000, 0x000000071be00000, 0x000000071c000000|  0%| F|  |TAMS 0x000000071be00000, 0x000000071be00000| Untracked 
| 224|0x000000071c000000, 0x000000071c000000, 0x000000071c200000|  0%| F|  |TAMS 0x000000071c000000, 0x000000071c000000| Untracked 
| 225|0x000000071c200000, 0x000000071c200000, 0x000000071c400000|  0%| F|  |TAMS 0x000000071c200000, 0x000000071c200000| Untracked 
| 226|0x000000071c400000, 0x000000071c400000, 0x000000071c600000|  0%| F|  |TAMS 0x000000071c400000, 0x000000071c400000| Untracked 
| 227|0x000000071c600000, 0x000000071c600000, 0x000000071c800000|  0%| F|  |TAMS 0x000000071c600000, 0x000000071c600000| Untracked 
| 228|0x000000071c800000, 0x000000071c800000, 0x000000071ca00000|  0%| F|  |TAMS 0x000000071c800000, 0x000000071c800000| Untracked 
| 229|0x000000071ca00000, 0x000000071ca00000, 0x000000071cc00000|  0%| F|  |TAMS 0x000000071ca00000, 0x000000071ca00000| Untracked 
| 230|0x000000071cc00000, 0x000000071cc00000, 0x000000071ce00000|  0%| F|  |TAMS 0x000000071cc00000, 0x000000071cc00000| Untracked 
| 231|0x000000071ce00000, 0x000000071ce00000, 0x000000071d000000|  0%| F|  |TAMS 0x000000071ce00000, 0x000000071ce00000| Untracked 
| 232|0x000000071d000000, 0x000000071d000000, 0x000000071d200000|  0%| F|  |TAMS 0x000000071d000000, 0x000000071d000000| Untracked 
| 233|0x000000071d200000, 0x000000071d200000, 0x000000071d400000|  0%| F|  |TAMS 0x000000071d200000, 0x000000071d200000| Untracked 
| 234|0x000000071d400000, 0x000000071d400000, 0x000000071d600000|  0%| F|  |TAMS 0x000000071d400000, 0x000000071d400000| Untracked 
| 235|0x000000071d600000, 0x000000071d600000, 0x000000071d800000|  0%| F|  |TAMS 0x000000071d600000, 0x000000071d600000| Untracked 
| 236|0x000000071d800000, 0x000000071d800000, 0x000000071da00000|  0%| F|  |TAMS 0x000000071d800000, 0x000000071d800000| Untracked 
| 237|0x000000071da00000, 0x000000071da00000, 0x000000071dc00000|  0%| F|  |TAMS 0x000000071da00000, 0x000000071da00000| Untracked 
| 238|0x000000071dc00000, 0x000000071dc00000, 0x000000071de00000|  0%| F|  |TAMS 0x000000071dc00000, 0x000000071dc00000| Untracked 
| 239|0x000000071de00000, 0x000000071de00000, 0x000000071e000000|  0%| F|  |TAMS 0x000000071de00000, 0x000000071de00000| Untracked 
| 240|0x000000071e000000, 0x000000071e000000, 0x000000071e200000|  0%| F|  |TAMS 0x000000071e000000, 0x000000071e000000| Untracked 
| 241|0x000000071e200000, 0x000000071e200000, 0x000000071e400000|  0%| F|  |TAMS 0x000000071e200000, 0x000000071e200000| Untracked 
| 242|0x000000071e400000, 0x000000071e400000, 0x000000071e600000|  0%| F|  |TAMS 0x000000071e400000, 0x000000071e400000| Untracked 
| 243|0x000000071e600000, 0x000000071e600000, 0x000000071e800000|  0%| F|  |TAMS 0x000000071e600000, 0x000000071e600000| Untracked 
| 244|0x000000071e800000, 0x000000071e800000, 0x000000071ea00000|  0%| F|  |TAMS 0x000000071e800000, 0x000000071e800000| Untracked 
| 245|0x000000071ea00000, 0x000000071ea00000, 0x000000071ec00000|  0%| F|  |TAMS 0x000000071ea00000, 0x000000071ea00000| Untracked 
| 246|0x000000071ec00000, 0x000000071ec00000, 0x000000071ee00000|  0%| F|  |TAMS 0x000000071ec00000, 0x000000071ec00000| Untracked 
| 247|0x000000071ee00000, 0x000000071ee00000, 0x000000071f000000|  0%| F|  |TAMS 0x000000071ee00000, 0x000000071ee00000| Untracked 
| 248|0x000000071f000000, 0x000000071f000000, 0x000000071f200000|  0%| F|  |TAMS 0x000000071f000000, 0x000000071f000000| Untracked 
| 249|0x000000071f200000, 0x000000071f200000, 0x000000071f400000|  0%| F|  |TAMS 0x000000071f200000, 0x000000071f200000| Untracked 
| 250|0x000000071f400000, 0x000000071f400000, 0x000000071f600000|  0%| F|  |TAMS 0x000000071f400000, 0x000000071f400000| Untracked 
| 251|0x000000071f600000, 0x000000071f600000, 0x000000071f800000|  0%| F|  |TAMS 0x000000071f600000, 0x000000071f600000| Untracked 
| 252|0x000000071f800000, 0x000000071f800000, 0x000000071fa00000|  0%| F|  |TAMS 0x000000071f800000, 0x000000071f800000| Untracked 
| 253|0x000000071fa00000, 0x000000071fa00000, 0x000000071fc00000|  0%| F|  |TAMS 0x000000071fa00000, 0x000000071fa00000| Untracked 
| 254|0x000000071fc00000, 0x000000071fc00000, 0x000000071fe00000|  0%| F|  |TAMS 0x000000071fc00000, 0x000000071fc00000| Untracked 
| 255|0x000000071fe00000, 0x000000071fe00000, 0x0000000720000000|  0%| F|  |TAMS 0x000000071fe00000, 0x000000071fe00000| Untracked 
| 256|0x0000000720000000, 0x0000000720000000, 0x0000000720200000|  0%| F|  |TAMS 0x0000000720000000, 0x0000000720000000| Untracked 
| 257|0x0000000720200000, 0x0000000720200000, 0x0000000720400000|  0%| F|  |TAMS 0x0000000720200000, 0x0000000720200000| Untracked 
| 258|0x0000000720400000, 0x0000000720400000, 0x0000000720600000|  0%| F|  |TAMS 0x0000000720400000, 0x0000000720400000| Untracked 
| 259|0x0000000720600000, 0x0000000720600000, 0x0000000720800000|  0%| F|  |TAMS 0x0000000720600000, 0x0000000720600000| Untracked 
| 260|0x0000000720800000, 0x0000000720800000, 0x0000000720a00000|  0%| F|  |TAMS 0x0000000720800000, 0x0000000720800000| Untracked 
| 261|0x0000000720a00000, 0x0000000720a00000, 0x0000000720c00000|  0%| F|  |TAMS 0x0000000720a00000, 0x0000000720a00000| Untracked 
| 262|0x0000000720c00000, 0x0000000720c00000, 0x0000000720e00000|  0%| F|  |TAMS 0x0000000720c00000, 0x0000000720c00000| Untracked 
| 263|0x0000000720e00000, 0x0000000720e00000, 0x0000000721000000|  0%| F|  |TAMS 0x0000000720e00000, 0x0000000720e00000| Untracked 
| 264|0x0000000721000000, 0x0000000721000000, 0x0000000721200000|  0%| F|  |TAMS 0x0000000721000000, 0x0000000721000000| Untracked 
| 265|0x0000000721200000, 0x0000000721200000, 0x0000000721400000|  0%| F|  |TAMS 0x0000000721200000, 0x0000000721200000| Untracked 
| 266|0x0000000721400000, 0x0000000721400000, 0x0000000721600000|  0%| F|  |TAMS 0x0000000721400000, 0x0000000721400000| Untracked 
| 267|0x0000000721600000, 0x0000000721600000, 0x0000000721800000|  0%| F|  |TAMS 0x0000000721600000, 0x0000000721600000| Untracked 
| 268|0x0000000721800000, 0x0000000721800000, 0x0000000721a00000|  0%| F|  |TAMS 0x0000000721800000, 0x0000000721800000| Untracked 
| 269|0x0000000721a00000, 0x0000000721a00000, 0x0000000721c00000|  0%| F|  |TAMS 0x0000000721a00000, 0x0000000721a00000| Untracked 
| 270|0x0000000721c00000, 0x0000000721c00000, 0x0000000721e00000|  0%| F|  |TAMS 0x0000000721c00000, 0x0000000721c00000| Untracked 
| 271|0x0000000721e00000, 0x0000000721e00000, 0x0000000722000000|  0%| F|  |TAMS 0x0000000721e00000, 0x0000000721e00000| Untracked 
| 272|0x0000000722000000, 0x0000000722000000, 0x0000000722200000|  0%| F|  |TAMS 0x0000000722000000, 0x0000000722000000| Untracked 
| 273|0x0000000722200000, 0x0000000722200000, 0x0000000722400000|  0%| F|  |TAMS 0x0000000722200000, 0x0000000722200000| Untracked 
| 274|0x0000000722400000, 0x0000000722400000, 0x0000000722600000|  0%| F|  |TAMS 0x0000000722400000, 0x0000000722400000| Untracked 
| 275|0x0000000722600000, 0x0000000722600000, 0x0000000722800000|  0%| F|  |TAMS 0x0000000722600000, 0x0000000722600000| Untracked 
| 276|0x0000000722800000, 0x0000000722800000, 0x0000000722a00000|  0%| F|  |TAMS 0x0000000722800000, 0x0000000722800000| Untracked 
| 277|0x0000000722a00000, 0x0000000722a00000, 0x0000000722c00000|  0%| F|  |TAMS 0x0000000722a00000, 0x0000000722a00000| Untracked 
| 278|0x0000000722c00000, 0x0000000722c00000, 0x0000000722e00000|  0%| F|  |TAMS 0x0000000722c00000, 0x0000000722c00000| Untracked 
| 279|0x0000000722e00000, 0x0000000722e00000, 0x0000000723000000|  0%| F|  |TAMS 0x0000000722e00000, 0x0000000722e00000| Untracked 
| 280|0x0000000723000000, 0x0000000723000000, 0x0000000723200000|  0%| F|  |TAMS 0x0000000723000000, 0x0000000723000000| Untracked 
| 281|0x0000000723200000, 0x0000000723200000, 0x0000000723400000|  0%| F|  |TAMS 0x0000000723200000, 0x0000000723200000| Untracked 
| 282|0x0000000723400000, 0x0000000723400000, 0x0000000723600000|  0%| F|  |TAMS 0x0000000723400000, 0x0000000723400000| Untracked 
| 283|0x0000000723600000, 0x0000000723600000, 0x0000000723800000|  0%| F|  |TAMS 0x0000000723600000, 0x0000000723600000| Untracked 
| 284|0x0000000723800000, 0x0000000723800000, 0x0000000723a00000|  0%| F|  |TAMS 0x0000000723800000, 0x0000000723800000| Untracked 
| 285|0x0000000723a00000, 0x0000000723a00000, 0x0000000723c00000|  0%| F|  |TAMS 0x0000000723a00000, 0x0000000723a00000| Untracked 
| 286|0x0000000723c00000, 0x0000000723c00000, 0x0000000723e00000|  0%| F|  |TAMS 0x0000000723c00000, 0x0000000723c00000| Untracked 
| 287|0x0000000723e00000, 0x0000000723e00000, 0x0000000724000000|  0%| F|  |TAMS 0x0000000723e00000, 0x0000000723e00000| Untracked 
| 288|0x0000000724000000, 0x0000000724000000, 0x0000000724200000|  0%| F|  |TAMS 0x0000000724000000, 0x0000000724000000| Untracked 
| 289|0x0000000724200000, 0x0000000724200000, 0x0000000724400000|  0%| F|  |TAMS 0x0000000724200000, 0x0000000724200000| Untracked 
| 290|0x0000000724400000, 0x0000000724400000, 0x0000000724600000|  0%| F|  |TAMS 0x0000000724400000, 0x0000000724400000| Untracked 
| 291|0x0000000724600000, 0x0000000724600000, 0x0000000724800000|  0%| F|  |TAMS 0x0000000724600000, 0x0000000724600000| Untracked 
| 292|0x0000000724800000, 0x0000000724800000, 0x0000000724a00000|  0%| F|  |TAMS 0x0000000724800000, 0x0000000724800000| Untracked 
| 293|0x0000000724a00000, 0x0000000724a00000, 0x0000000724c00000|  0%| F|  |TAMS 0x0000000724a00000, 0x0000000724a00000| Untracked 
| 294|0x0000000724c00000, 0x0000000724c00000, 0x0000000724e00000|  0%| F|  |TAMS 0x0000000724c00000, 0x0000000724c00000| Untracked 
| 295|0x0000000724e00000, 0x0000000724e00000, 0x0000000725000000|  0%| F|  |TAMS 0x0000000724e00000, 0x0000000724e00000| Untracked 
| 296|0x0000000725000000, 0x0000000725000000, 0x0000000725200000|  0%| F|  |TAMS 0x0000000725000000, 0x0000000725000000| Untracked 
| 297|0x0000000725200000, 0x0000000725200000, 0x0000000725400000|  0%| F|  |TAMS 0x0000000725200000, 0x0000000725200000| Untracked 
| 298|0x0000000725400000, 0x0000000725400000, 0x0000000725600000|  0%| F|  |TAMS 0x0000000725400000, 0x0000000725400000| Untracked 
| 299|0x0000000725600000, 0x0000000725600000, 0x0000000725800000|  0%| F|  |TAMS 0x0000000725600000, 0x0000000725600000| Untracked 
| 300|0x0000000725800000, 0x0000000725800000, 0x0000000725a00000|  0%| F|  |TAMS 0x0000000725800000, 0x0000000725800000| Untracked 
| 301|0x0000000725a00000, 0x0000000725a00000, 0x0000000725c00000|  0%| F|  |TAMS 0x0000000725a00000, 0x0000000725a00000| Untracked 
| 302|0x0000000725c00000, 0x0000000725c00000, 0x0000000725e00000|  0%| F|  |TAMS 0x0000000725c00000, 0x0000000725c00000| Untracked 
| 303|0x0000000725e00000, 0x0000000725e00000, 0x0000000726000000|  0%| F|  |TAMS 0x0000000725e00000, 0x0000000725e00000| Untracked 
| 304|0x0000000726000000, 0x0000000726000000, 0x0000000726200000|  0%| F|  |TAMS 0x0000000726000000, 0x0000000726000000| Untracked 
| 305|0x0000000726200000, 0x0000000726200000, 0x0000000726400000|  0%| F|  |TAMS 0x0000000726200000, 0x0000000726200000| Untracked 
| 306|0x0000000726400000, 0x0000000726400000, 0x0000000726600000|  0%| F|  |TAMS 0x0000000726400000, 0x0000000726400000| Untracked 
| 307|0x0000000726600000, 0x0000000726600000, 0x0000000726800000|  0%| F|  |TAMS 0x0000000726600000, 0x0000000726600000| Untracked 
| 308|0x0000000726800000, 0x0000000726800000, 0x0000000726a00000|  0%| F|  |TAMS 0x0000000726800000, 0x0000000726800000| Untracked 
| 309|0x0000000726a00000, 0x0000000726a00000, 0x0000000726c00000|  0%| F|  |TAMS 0x0000000726a00000, 0x0000000726a00000| Untracked 
| 310|0x0000000726c00000, 0x0000000726c00000, 0x0000000726e00000|  0%| F|  |TAMS 0x0000000726c00000, 0x0000000726c00000| Untracked 
| 311|0x0000000726e00000, 0x0000000726e00000, 0x0000000727000000|  0%| F|  |TAMS 0x0000000726e00000, 0x0000000726e00000| Untracked 
| 312|0x0000000727000000, 0x0000000727000000, 0x0000000727200000|  0%| F|  |TAMS 0x0000000727000000, 0x0000000727000000| Untracked 
| 313|0x0000000727200000, 0x0000000727200000, 0x0000000727400000|  0%| F|  |TAMS 0x0000000727200000, 0x0000000727200000| Untracked 
| 314|0x0000000727400000, 0x0000000727400000, 0x0000000727600000|  0%| F|  |TAMS 0x0000000727400000, 0x0000000727400000| Untracked 
| 315|0x0000000727600000, 0x0000000727600000, 0x0000000727800000|  0%| F|  |TAMS 0x0000000727600000, 0x0000000727600000| Untracked 
| 316|0x0000000727800000, 0x0000000727800000, 0x0000000727a00000|  0%| F|  |TAMS 0x0000000727800000, 0x0000000727800000| Untracked 
| 317|0x0000000727a00000, 0x0000000727a00000, 0x0000000727c00000|  0%| F|  |TAMS 0x0000000727a00000, 0x0000000727a00000| Untracked 
| 318|0x0000000727c00000, 0x0000000727c00000, 0x0000000727e00000|  0%| F|  |TAMS 0x0000000727c00000, 0x0000000727c00000| Untracked 
| 319|0x0000000727e00000, 0x0000000727e00000, 0x0000000728000000|  0%| F|  |TAMS 0x0000000727e00000, 0x0000000727e00000| Untracked 
| 320|0x0000000728000000, 0x0000000728000000, 0x0000000728200000|  0%| F|  |TAMS 0x0000000728000000, 0x0000000728000000| Untracked 
| 321|0x0000000728200000, 0x0000000728200000, 0x0000000728400000|  0%| F|  |TAMS 0x0000000728200000, 0x0000000728200000| Untracked 
| 322|0x0000000728400000, 0x0000000728400000, 0x0000000728600000|  0%| F|  |TAMS 0x0000000728400000, 0x0000000728400000| Untracked 
| 323|0x0000000728600000, 0x0000000728600000, 0x0000000728800000|  0%| F|  |TAMS 0x0000000728600000, 0x0000000728600000| Untracked 
| 324|0x0000000728800000, 0x0000000728800000, 0x0000000728a00000|  0%| F|  |TAMS 0x0000000728800000, 0x0000000728800000| Untracked 
| 325|0x0000000728a00000, 0x0000000728a00000, 0x0000000728c00000|  0%| F|  |TAMS 0x0000000728a00000, 0x0000000728a00000| Untracked 
| 326|0x0000000728c00000, 0x0000000728c00000, 0x0000000728e00000|  0%| F|  |TAMS 0x0000000728c00000, 0x0000000728c00000| Untracked 
| 327|0x0000000728e00000, 0x0000000728e00000, 0x0000000729000000|  0%| F|  |TAMS 0x0000000728e00000, 0x0000000728e00000| Untracked 
| 328|0x0000000729000000, 0x0000000729000000, 0x0000000729200000|  0%| F|  |TAMS 0x0000000729000000, 0x0000000729000000| Untracked 
| 329|0x0000000729200000, 0x0000000729200000, 0x0000000729400000|  0%| F|  |TAMS 0x0000000729200000, 0x0000000729200000| Untracked 
| 330|0x0000000729400000, 0x0000000729400000, 0x0000000729600000|  0%| F|  |TAMS 0x0000000729400000, 0x0000000729400000| Untracked 
| 331|0x0000000729600000, 0x0000000729600000, 0x0000000729800000|  0%| F|  |TAMS 0x0000000729600000, 0x0000000729600000| Untracked 
| 332|0x0000000729800000, 0x0000000729800000, 0x0000000729a00000|  0%| F|  |TAMS 0x0000000729800000, 0x0000000729800000| Untracked 
| 333|0x0000000729a00000, 0x0000000729a00000, 0x0000000729c00000|  0%| F|  |TAMS 0x0000000729a00000, 0x0000000729a00000| Untracked 
| 334|0x0000000729c00000, 0x0000000729c00000, 0x0000000729e00000|  0%| F|  |TAMS 0x0000000729c00000, 0x0000000729c00000| Untracked 
| 335|0x0000000729e00000, 0x0000000729e00000, 0x000000072a000000|  0%| F|  |TAMS 0x0000000729e00000, 0x0000000729e00000| Untracked 
| 336|0x000000072a000000, 0x000000072a000000, 0x000000072a200000|  0%| F|  |TAMS 0x000000072a000000, 0x000000072a000000| Untracked 
| 337|0x000000072a200000, 0x000000072a200000, 0x000000072a400000|  0%| F|  |TAMS 0x000000072a200000, 0x000000072a200000| Untracked 
| 338|0x000000072a400000, 0x000000072a400000, 0x000000072a600000|  0%| F|  |TAMS 0x000000072a400000, 0x000000072a400000| Untracked 
| 339|0x000000072a600000, 0x000000072a600000, 0x000000072a800000|  0%| F|  |TAMS 0x000000072a600000, 0x000000072a600000| Untracked 
| 340|0x000000072a800000, 0x000000072a800000, 0x000000072aa00000|  0%| F|  |TAMS 0x000000072a800000, 0x000000072a800000| Untracked 
| 341|0x000000072aa00000, 0x000000072aa00000, 0x000000072ac00000|  0%| F|  |TAMS 0x000000072aa00000, 0x000000072aa00000| Untracked 
| 342|0x000000072ac00000, 0x000000072ac00000, 0x000000072ae00000|  0%| F|  |TAMS 0x000000072ac00000, 0x000000072ac00000| Untracked 
| 343|0x000000072ae00000, 0x000000072ae00000, 0x000000072b000000|  0%| F|  |TAMS 0x000000072ae00000, 0x000000072ae00000| Untracked 
| 344|0x000000072b000000, 0x000000072b000000, 0x000000072b200000|  0%| F|  |TAMS 0x000000072b000000, 0x000000072b000000| Untracked 
| 345|0x000000072b200000, 0x000000072b200000, 0x000000072b400000|  0%| F|  |TAMS 0x000000072b200000, 0x000000072b200000| Untracked 
| 346|0x000000072b400000, 0x000000072b400000, 0x000000072b600000|  0%| F|  |TAMS 0x000000072b400000, 0x000000072b400000| Untracked 
| 347|0x000000072b600000, 0x000000072b600000, 0x000000072b800000|  0%| F|  |TAMS 0x000000072b600000, 0x000000072b600000| Untracked 
| 348|0x000000072b800000, 0x000000072b800000, 0x000000072ba00000|  0%| F|  |TAMS 0x000000072b800000, 0x000000072b800000| Untracked 
| 349|0x000000072ba00000, 0x000000072ba00000, 0x000000072bc00000|  0%| F|  |TAMS 0x000000072ba00000, 0x000000072ba00000| Untracked 
| 350|0x000000072bc00000, 0x000000072bc00000, 0x000000072be00000|  0%| F|  |TAMS 0x000000072bc00000, 0x000000072bc00000| Untracked 
| 351|0x000000072be00000, 0x000000072be00000, 0x000000072c000000|  0%| F|  |TAMS 0x000000072be00000, 0x000000072be00000| Untracked 
| 352|0x000000072c000000, 0x000000072c000000, 0x000000072c200000|  0%| F|  |TAMS 0x000000072c000000, 0x000000072c000000| Untracked 
| 353|0x000000072c200000, 0x000000072c200000, 0x000000072c400000|  0%| F|  |TAMS 0x000000072c200000, 0x000000072c200000| Untracked 
| 354|0x000000072c400000, 0x000000072c400000, 0x000000072c600000|  0%| F|  |TAMS 0x000000072c400000, 0x000000072c400000| Untracked 
| 355|0x000000072c600000, 0x000000072c600000, 0x000000072c800000|  0%| F|  |TAMS 0x000000072c600000, 0x000000072c600000| Untracked 
| 356|0x000000072c800000, 0x000000072c800000, 0x000000072ca00000|  0%| F|  |TAMS 0x000000072c800000, 0x000000072c800000| Untracked 
| 357|0x000000072ca00000, 0x000000072ca00000, 0x000000072cc00000|  0%| F|  |TAMS 0x000000072ca00000, 0x000000072ca00000| Untracked 
| 358|0x000000072cc00000, 0x000000072cc00000, 0x000000072ce00000|  0%| F|  |TAMS 0x000000072cc00000, 0x000000072cc00000| Untracked 
| 359|0x000000072ce00000, 0x000000072ce00000, 0x000000072d000000|  0%| F|  |TAMS 0x000000072ce00000, 0x000000072ce00000| Untracked 
| 360|0x000000072d000000, 0x000000072d000000, 0x000000072d200000|  0%| F|  |TAMS 0x000000072d000000, 0x000000072d000000| Untracked 
| 361|0x000000072d200000, 0x000000072d200000, 0x000000072d400000|  0%| F|  |TAMS 0x000000072d200000, 0x000000072d200000| Untracked 
| 362|0x000000072d400000, 0x000000072d400000, 0x000000072d600000|  0%| F|  |TAMS 0x000000072d400000, 0x000000072d400000| Untracked 
| 363|0x000000072d600000, 0x000000072d600000, 0x000000072d800000|  0%| F|  |TAMS 0x000000072d600000, 0x000000072d600000| Untracked 
| 364|0x000000072d800000, 0x000000072d800000, 0x000000072da00000|  0%| F|  |TAMS 0x000000072d800000, 0x000000072d800000| Untracked 
| 365|0x000000072da00000, 0x000000072da00000, 0x000000072dc00000|  0%| F|  |TAMS 0x000000072da00000, 0x000000072da00000| Untracked 
| 366|0x000000072dc00000, 0x000000072dc00000, 0x000000072de00000|  0%| F|  |TAMS 0x000000072dc00000, 0x000000072dc00000| Untracked 
| 367|0x000000072de00000, 0x000000072de00000, 0x000000072e000000|  0%| F|  |TAMS 0x000000072de00000, 0x000000072de00000| Untracked 
| 368|0x000000072e000000, 0x000000072e000000, 0x000000072e200000|  0%| F|  |TAMS 0x000000072e000000, 0x000000072e000000| Untracked 
| 369|0x000000072e200000, 0x000000072e200000, 0x000000072e400000|  0%| F|  |TAMS 0x000000072e200000, 0x000000072e200000| Untracked 
| 370|0x000000072e400000, 0x000000072e400000, 0x000000072e600000|  0%| F|  |TAMS 0x000000072e400000, 0x000000072e400000| Untracked 
| 371|0x000000072e600000, 0x000000072e600000, 0x000000072e800000|  0%| F|  |TAMS 0x000000072e600000, 0x000000072e600000| Untracked 
| 372|0x000000072e800000, 0x000000072e800000, 0x000000072ea00000|  0%| F|  |TAMS 0x000000072e800000, 0x000000072e800000| Untracked 
| 373|0x000000072ea00000, 0x000000072ea00000, 0x000000072ec00000|  0%| F|  |TAMS 0x000000072ea00000, 0x000000072ea00000| Untracked 
| 374|0x000000072ec00000, 0x000000072ec00000, 0x000000072ee00000|  0%| F|  |TAMS 0x000000072ec00000, 0x000000072ec00000| Untracked 
| 375|0x000000072ee00000, 0x000000072ee00000, 0x000000072f000000|  0%| F|  |TAMS 0x000000072ee00000, 0x000000072ee00000| Untracked 
| 376|0x000000072f000000, 0x000000072f000000, 0x000000072f200000|  0%| F|  |TAMS 0x000000072f000000, 0x000000072f000000| Untracked 
| 377|0x000000072f200000, 0x000000072f200000, 0x000000072f400000|  0%| F|  |TAMS 0x000000072f200000, 0x000000072f200000| Untracked 
| 378|0x000000072f400000, 0x000000072f400000, 0x000000072f600000|  0%| F|  |TAMS 0x000000072f400000, 0x000000072f400000| Untracked 
| 379|0x000000072f600000, 0x000000072f600000, 0x000000072f800000|  0%| F|  |TAMS 0x000000072f600000, 0x000000072f600000| Untracked 
| 380|0x000000072f800000, 0x000000072f800000, 0x000000072fa00000|  0%| F|  |TAMS 0x000000072f800000, 0x000000072f800000| Untracked 
| 381|0x000000072fa00000, 0x000000072fa00000, 0x000000072fc00000|  0%| F|  |TAMS 0x000000072fa00000, 0x000000072fa00000| Untracked 
| 382|0x000000072fc00000, 0x000000072fc00000, 0x000000072fe00000|  0%| F|  |TAMS 0x000000072fc00000, 0x000000072fc00000| Untracked 
| 383|0x000000072fe00000, 0x000000072fe00000, 0x0000000730000000|  0%| F|  |TAMS 0x000000072fe00000, 0x000000072fe00000| Untracked 
| 384|0x0000000730000000, 0x0000000730000000, 0x0000000730200000|  0%| F|  |TAMS 0x0000000730000000, 0x0000000730000000| Untracked 
| 385|0x0000000730200000, 0x0000000730200000, 0x0000000730400000|  0%| F|  |TAMS 0x0000000730200000, 0x0000000730200000| Untracked 
| 386|0x0000000730400000, 0x0000000730400000, 0x0000000730600000|  0%| F|  |TAMS 0x0000000730400000, 0x0000000730400000| Untracked 
| 387|0x0000000730600000, 0x0000000730600000, 0x0000000730800000|  0%| F|  |TAMS 0x0000000730600000, 0x0000000730600000| Untracked 
| 388|0x0000000730800000, 0x0000000730800000, 0x0000000730a00000|  0%| F|  |TAMS 0x0000000730800000, 0x0000000730800000| Untracked 
| 389|0x0000000730a00000, 0x0000000730a00000, 0x0000000730c00000|  0%| F|  |TAMS 0x0000000730a00000, 0x0000000730a00000| Untracked 
| 390|0x0000000730c00000, 0x0000000730c00000, 0x0000000730e00000|  0%| F|  |TAMS 0x0000000730c00000, 0x0000000730c00000| Untracked 
| 391|0x0000000730e00000, 0x0000000730e00000, 0x0000000731000000|  0%| F|  |TAMS 0x0000000730e00000, 0x0000000730e00000| Untracked 
| 392|0x0000000731000000, 0x0000000731000000, 0x0000000731200000|  0%| F|  |TAMS 0x0000000731000000, 0x0000000731000000| Untracked 
| 393|0x0000000731200000, 0x0000000731200000, 0x0000000731400000|  0%| F|  |TAMS 0x0000000731200000, 0x0000000731200000| Untracked 
| 394|0x0000000731400000, 0x0000000731400000, 0x0000000731600000|  0%| F|  |TAMS 0x0000000731400000, 0x0000000731400000| Untracked 
| 395|0x0000000731600000, 0x0000000731600000, 0x0000000731800000|  0%| F|  |TAMS 0x0000000731600000, 0x0000000731600000| Untracked 
| 396|0x0000000731800000, 0x0000000731800000, 0x0000000731a00000|  0%| F|  |TAMS 0x0000000731800000, 0x0000000731800000| Untracked 
| 397|0x0000000731a00000, 0x0000000731a00000, 0x0000000731c00000|  0%| F|  |TAMS 0x0000000731a00000, 0x0000000731a00000| Untracked 
| 398|0x0000000731c00000, 0x0000000731c00000, 0x0000000731e00000|  0%| F|  |TAMS 0x0000000731c00000, 0x0000000731c00000| Untracked 
| 399|0x0000000731e00000, 0x0000000731e00000, 0x0000000732000000|  0%| F|  |TAMS 0x0000000731e00000, 0x0000000731e00000| Untracked 
| 400|0x0000000732000000, 0x0000000732000000, 0x0000000732200000|  0%| F|  |TAMS 0x0000000732000000, 0x0000000732000000| Untracked 
| 401|0x0000000732200000, 0x0000000732200000, 0x0000000732400000|  0%| F|  |TAMS 0x0000000732200000, 0x0000000732200000| Untracked 
| 402|0x0000000732400000, 0x0000000732400000, 0x0000000732600000|  0%| F|  |TAMS 0x0000000732400000, 0x0000000732400000| Untracked 
| 403|0x0000000732600000, 0x0000000732600000, 0x0000000732800000|  0%| F|  |TAMS 0x0000000732600000, 0x0000000732600000| Untracked 
| 404|0x0000000732800000, 0x0000000732800000, 0x0000000732a00000|  0%| F|  |TAMS 0x0000000732800000, 0x0000000732800000| Untracked 
| 405|0x0000000732a00000, 0x0000000732a00000, 0x0000000732c00000|  0%| F|  |TAMS 0x0000000732a00000, 0x0000000732a00000| Untracked 
| 406|0x0000000732c00000, 0x0000000732c00000, 0x0000000732e00000|  0%| F|  |TAMS 0x0000000732c00000, 0x0000000732c00000| Untracked 
| 407|0x0000000732e00000, 0x0000000732e00000, 0x0000000733000000|  0%| F|  |TAMS 0x0000000732e00000, 0x0000000732e00000| Untracked 
| 408|0x0000000733000000, 0x0000000733000000, 0x0000000733200000|  0%| F|  |TAMS 0x0000000733000000, 0x0000000733000000| Untracked 
| 409|0x0000000733200000, 0x0000000733200000, 0x0000000733400000|  0%| F|  |TAMS 0x0000000733200000, 0x0000000733200000| Untracked 
| 410|0x0000000733400000, 0x0000000733400000, 0x0000000733600000|  0%| F|  |TAMS 0x0000000733400000, 0x0000000733400000| Untracked 
| 411|0x0000000733600000, 0x0000000733600000, 0x0000000733800000|  0%| F|  |TAMS 0x0000000733600000, 0x0000000733600000| Untracked 
| 412|0x0000000733800000, 0x0000000733800000, 0x0000000733a00000|  0%| F|  |TAMS 0x0000000733800000, 0x0000000733800000| Untracked 
| 413|0x0000000733a00000, 0x0000000733a00000, 0x0000000733c00000|  0%| F|  |TAMS 0x0000000733a00000, 0x0000000733a00000| Untracked 
| 414|0x0000000733c00000, 0x0000000733c00000, 0x0000000733e00000|  0%| F|  |TAMS 0x0000000733c00000, 0x0000000733c00000| Untracked 
| 415|0x0000000733e00000, 0x0000000733e00000, 0x0000000734000000|  0%| F|  |TAMS 0x0000000733e00000, 0x0000000733e00000| Untracked 
| 416|0x0000000734000000, 0x0000000734000000, 0x0000000734200000|  0%| F|  |TAMS 0x0000000734000000, 0x0000000734000000| Untracked 
| 417|0x0000000734200000, 0x0000000734200000, 0x0000000734400000|  0%| F|  |TAMS 0x0000000734200000, 0x0000000734200000| Untracked 
| 418|0x0000000734400000, 0x0000000734400000, 0x0000000734600000|  0%| F|  |TAMS 0x0000000734400000, 0x0000000734400000| Untracked 
| 419|0x0000000734600000, 0x0000000734600000, 0x0000000734800000|  0%| F|  |TAMS 0x0000000734600000, 0x0000000734600000| Untracked 
| 420|0x0000000734800000, 0x0000000734800000, 0x0000000734a00000|  0%| F|  |TAMS 0x0000000734800000, 0x0000000734800000| Untracked 
| 421|0x0000000734a00000, 0x0000000734a00000, 0x0000000734c00000|  0%| F|  |TAMS 0x0000000734a00000, 0x0000000734a00000| Untracked 
| 422|0x0000000734c00000, 0x0000000734c00000, 0x0000000734e00000|  0%| F|  |TAMS 0x0000000734c00000, 0x0000000734c00000| Untracked 
| 423|0x0000000734e00000, 0x0000000734e00000, 0x0000000735000000|  0%| F|  |TAMS 0x0000000734e00000, 0x0000000734e00000| Untracked 
| 424|0x0000000735000000, 0x0000000735000000, 0x0000000735200000|  0%| F|  |TAMS 0x0000000735000000, 0x0000000735000000| Untracked 
| 425|0x0000000735200000, 0x0000000735200000, 0x0000000735400000|  0%| F|  |TAMS 0x0000000735200000, 0x0000000735200000| Untracked 
| 426|0x0000000735400000, 0x0000000735400000, 0x0000000735600000|  0%| F|  |TAMS 0x0000000735400000, 0x0000000735400000| Untracked 
| 427|0x0000000735600000, 0x0000000735600000, 0x0000000735800000|  0%| F|  |TAMS 0x0000000735600000, 0x0000000735600000| Untracked 
| 428|0x0000000735800000, 0x0000000735800000, 0x0000000735a00000|  0%| F|  |TAMS 0x0000000735800000, 0x0000000735800000| Untracked 
| 429|0x0000000735a00000, 0x0000000735a00000, 0x0000000735c00000|  0%| F|  |TAMS 0x0000000735a00000, 0x0000000735a00000| Untracked 
| 430|0x0000000735c00000, 0x0000000735c00000, 0x0000000735e00000|  0%| F|  |TAMS 0x0000000735c00000, 0x0000000735c00000| Untracked 
| 431|0x0000000735e00000, 0x0000000735e00000, 0x0000000736000000|  0%| F|  |TAMS 0x0000000735e00000, 0x0000000735e00000| Untracked 
| 432|0x0000000736000000, 0x0000000736000000, 0x0000000736200000|  0%| F|  |TAMS 0x0000000736000000, 0x0000000736000000| Untracked 
| 433|0x0000000736200000, 0x0000000736200000, 0x0000000736400000|  0%| F|  |TAMS 0x0000000736200000, 0x0000000736200000| Untracked 
| 434|0x0000000736400000, 0x0000000736400000, 0x0000000736600000|  0%| F|  |TAMS 0x0000000736400000, 0x0000000736400000| Untracked 
| 435|0x0000000736600000, 0x0000000736600000, 0x0000000736800000|  0%| F|  |TAMS 0x0000000736600000, 0x0000000736600000| Untracked 
| 436|0x0000000736800000, 0x0000000736800000, 0x0000000736a00000|  0%| F|  |TAMS 0x0000000736800000, 0x0000000736800000| Untracked 
| 437|0x0000000736a00000, 0x0000000736a00000, 0x0000000736c00000|  0%| F|  |TAMS 0x0000000736a00000, 0x0000000736a00000| Untracked 
| 438|0x0000000736c00000, 0x0000000736c00000, 0x0000000736e00000|  0%| F|  |TAMS 0x0000000736c00000, 0x0000000736c00000| Untracked 
| 439|0x0000000736e00000, 0x0000000736e00000, 0x0000000737000000|  0%| F|  |TAMS 0x0000000736e00000, 0x0000000736e00000| Untracked 
| 440|0x0000000737000000, 0x0000000737000000, 0x0000000737200000|  0%| F|  |TAMS 0x0000000737000000, 0x0000000737000000| Untracked 
| 441|0x0000000737200000, 0x0000000737200000, 0x0000000737400000|  0%| F|  |TAMS 0x0000000737200000, 0x0000000737200000| Untracked 
| 442|0x0000000737400000, 0x0000000737400000, 0x0000000737600000|  0%| F|  |TAMS 0x0000000737400000, 0x0000000737400000| Untracked 
| 443|0x0000000737600000, 0x0000000737600000, 0x0000000737800000|  0%| F|  |TAMS 0x0000000737600000, 0x0000000737600000| Untracked 
| 444|0x0000000737800000, 0x0000000737800000, 0x0000000737a00000|  0%| F|  |TAMS 0x0000000737800000, 0x0000000737800000| Untracked 
| 445|0x0000000737a00000, 0x0000000737a00000, 0x0000000737c00000|  0%| F|  |TAMS 0x0000000737a00000, 0x0000000737a00000| Untracked 
| 446|0x0000000737c00000, 0x0000000737c00000, 0x0000000737e00000|  0%| F|  |TAMS 0x0000000737c00000, 0x0000000737c00000| Untracked 
| 447|0x0000000737e00000, 0x0000000737e00000, 0x0000000738000000|  0%| F|  |TAMS 0x0000000737e00000, 0x0000000737e00000| Untracked 
| 448|0x0000000738000000, 0x0000000738000000, 0x0000000738200000|  0%| F|  |TAMS 0x0000000738000000, 0x0000000738000000| Untracked 
| 449|0x0000000738200000, 0x0000000738200000, 0x0000000738400000|  0%| F|  |TAMS 0x0000000738200000, 0x0000000738200000| Untracked 
| 450|0x0000000738400000, 0x0000000738400000, 0x0000000738600000|  0%| F|  |TAMS 0x0000000738400000, 0x0000000738400000| Untracked 
| 451|0x0000000738600000, 0x0000000738600000, 0x0000000738800000|  0%| F|  |TAMS 0x0000000738600000, 0x0000000738600000| Untracked 
| 452|0x0000000738800000, 0x0000000738800000, 0x0000000738a00000|  0%| F|  |TAMS 0x0000000738800000, 0x0000000738800000| Untracked 
| 453|0x0000000738a00000, 0x0000000738a00000, 0x0000000738c00000|  0%| F|  |TAMS 0x0000000738a00000, 0x0000000738a00000| Untracked 
| 454|0x0000000738c00000, 0x0000000738c00000, 0x0000000738e00000|  0%| F|  |TAMS 0x0000000738c00000, 0x0000000738c00000| Untracked 
| 455|0x0000000738e00000, 0x0000000738e00000, 0x0000000739000000|  0%| F|  |TAMS 0x0000000738e00000, 0x0000000738e00000| Untracked 
| 456|0x0000000739000000, 0x0000000739000000, 0x0000000739200000|  0%| F|  |TAMS 0x0000000739000000, 0x0000000739000000| Untracked 
| 457|0x0000000739200000, 0x0000000739200000, 0x0000000739400000|  0%| F|  |TAMS 0x0000000739200000, 0x0000000739200000| Untracked 
| 458|0x0000000739400000, 0x0000000739400000, 0x0000000739600000|  0%| F|  |TAMS 0x0000000739400000, 0x0000000739400000| Untracked 
| 459|0x0000000739600000, 0x0000000739600000, 0x0000000739800000|  0%| F|  |TAMS 0x0000000739600000, 0x0000000739600000| Untracked 
| 460|0x0000000739800000, 0x0000000739800000, 0x0000000739a00000|  0%| F|  |TAMS 0x0000000739800000, 0x0000000739800000| Untracked 
| 461|0x0000000739a00000, 0x0000000739a00000, 0x0000000739c00000|  0%| F|  |TAMS 0x0000000739a00000, 0x0000000739a00000| Untracked 
| 462|0x0000000739c00000, 0x0000000739c00000, 0x0000000739e00000|  0%| F|  |TAMS 0x0000000739c00000, 0x0000000739c00000| Untracked 
| 463|0x0000000739e00000, 0x0000000739e00000, 0x000000073a000000|  0%| F|  |TAMS 0x0000000739e00000, 0x0000000739e00000| Untracked 
| 464|0x000000073a000000, 0x000000073a000000, 0x000000073a200000|  0%| F|  |TAMS 0x000000073a000000, 0x000000073a000000| Untracked 
| 465|0x000000073a200000, 0x000000073a200000, 0x000000073a400000|  0%| F|  |TAMS 0x000000073a200000, 0x000000073a200000| Untracked 
| 466|0x000000073a400000, 0x000000073a400000, 0x000000073a600000|  0%| F|  |TAMS 0x000000073a400000, 0x000000073a400000| Untracked 
| 467|0x000000073a600000, 0x000000073a600000, 0x000000073a800000|  0%| F|  |TAMS 0x000000073a600000, 0x000000073a600000| Untracked 
| 468|0x000000073a800000, 0x000000073a800000, 0x000000073aa00000|  0%| F|  |TAMS 0x000000073a800000, 0x000000073a800000| Untracked 
| 469|0x000000073aa00000, 0x000000073aa00000, 0x000000073ac00000|  0%| F|  |TAMS 0x000000073aa00000, 0x000000073aa00000| Untracked 
| 470|0x000000073ac00000, 0x000000073ac00000, 0x000000073ae00000|  0%| F|  |TAMS 0x000000073ac00000, 0x000000073ac00000| Untracked 
| 471|0x000000073ae00000, 0x000000073ae00000, 0x000000073b000000|  0%| F|  |TAMS 0x000000073ae00000, 0x000000073ae00000| Untracked 
| 472|0x000000073b000000, 0x000000073b000000, 0x000000073b200000|  0%| F|  |TAMS 0x000000073b000000, 0x000000073b000000| Untracked 
| 473|0x000000073b200000, 0x000000073b200000, 0x000000073b400000|  0%| F|  |TAMS 0x000000073b200000, 0x000000073b200000| Untracked 
| 474|0x000000073b400000, 0x000000073b400000, 0x000000073b600000|  0%| F|  |TAMS 0x000000073b400000, 0x000000073b400000| Untracked 
| 475|0x000000073b600000, 0x000000073b600000, 0x000000073b800000|  0%| F|  |TAMS 0x000000073b600000, 0x000000073b600000| Untracked 
| 476|0x000000073b800000, 0x000000073b800000, 0x000000073ba00000|  0%| F|  |TAMS 0x000000073b800000, 0x000000073b800000| Untracked 
| 477|0x000000073ba00000, 0x000000073ba00000, 0x000000073bc00000|  0%| F|  |TAMS 0x000000073ba00000, 0x000000073ba00000| Untracked 
| 478|0x000000073bc00000, 0x000000073bc00000, 0x000000073be00000|  0%| F|  |TAMS 0x000000073bc00000, 0x000000073bc00000| Untracked 
| 479|0x000000073be00000, 0x000000073be00000, 0x000000073c000000|  0%| F|  |TAMS 0x000000073be00000, 0x000000073be00000| Untracked 
| 480|0x000000073c000000, 0x000000073c000000, 0x000000073c200000|  0%| F|  |TAMS 0x000000073c000000, 0x000000073c000000| Untracked 
| 481|0x000000073c200000, 0x000000073c200000, 0x000000073c400000|  0%| F|  |TAMS 0x000000073c200000, 0x000000073c200000| Untracked 
| 482|0x000000073c400000, 0x000000073c400000, 0x000000073c600000|  0%| F|  |TAMS 0x000000073c400000, 0x000000073c400000| Untracked 
| 483|0x000000073c600000, 0x000000073c600000, 0x000000073c800000|  0%| F|  |TAMS 0x000000073c600000, 0x000000073c600000| Untracked 
| 484|0x000000073c800000, 0x000000073c800000, 0x000000073ca00000|  0%| F|  |TAMS 0x000000073c800000, 0x000000073c800000| Untracked 
| 485|0x000000073ca00000, 0x000000073ca00000, 0x000000073cc00000|  0%| F|  |TAMS 0x000000073ca00000, 0x000000073ca00000| Untracked 
| 486|0x000000073cc00000, 0x000000073cc00000, 0x000000073ce00000|  0%| F|  |TAMS 0x000000073cc00000, 0x000000073cc00000| Untracked 
| 487|0x000000073ce00000, 0x000000073ce00000, 0x000000073d000000|  0%| F|  |TAMS 0x000000073ce00000, 0x000000073ce00000| Untracked 
| 488|0x000000073d000000, 0x000000073d000000, 0x000000073d200000|  0%| F|  |TAMS 0x000000073d000000, 0x000000073d000000| Untracked 
| 489|0x000000073d200000, 0x000000073d200000, 0x000000073d400000|  0%| F|  |TAMS 0x000000073d200000, 0x000000073d200000| Untracked 
| 490|0x000000073d400000, 0x000000073d400000, 0x000000073d600000|  0%| F|  |TAMS 0x000000073d400000, 0x000000073d400000| Untracked 
| 491|0x000000073d600000, 0x000000073d600000, 0x000000073d800000|  0%| F|  |TAMS 0x000000073d600000, 0x000000073d600000| Untracked 
| 492|0x000000073d800000, 0x000000073d800000, 0x000000073da00000|  0%| F|  |TAMS 0x000000073d800000, 0x000000073d800000| Untracked 
| 493|0x000000073da00000, 0x000000073da00000, 0x000000073dc00000|  0%| F|  |TAMS 0x000000073da00000, 0x000000073da00000| Untracked 
| 494|0x000000073dc00000, 0x000000073dc00000, 0x000000073de00000|  0%| F|  |TAMS 0x000000073dc00000, 0x000000073dc00000| Untracked 
| 495|0x000000073de00000, 0x000000073de00000, 0x000000073e000000|  0%| F|  |TAMS 0x000000073de00000, 0x000000073de00000| Untracked 
| 496|0x000000073e000000, 0x000000073e000000, 0x000000073e200000|  0%| F|  |TAMS 0x000000073e000000, 0x000000073e000000| Untracked 
| 497|0x000000073e200000, 0x000000073e200000, 0x000000073e400000|  0%| F|  |TAMS 0x000000073e200000, 0x000000073e200000| Untracked 
| 498|0x000000073e400000, 0x000000073e400000, 0x000000073e600000|  0%| F|  |TAMS 0x000000073e400000, 0x000000073e400000| Untracked 
| 499|0x000000073e600000, 0x000000073e600000, 0x000000073e800000|  0%| F|  |TAMS 0x000000073e600000, 0x000000073e600000| Untracked 
| 500|0x000000073e800000, 0x000000073e800000, 0x000000073ea00000|  0%| F|  |TAMS 0x000000073e800000, 0x000000073e800000| Untracked 
| 501|0x000000073ea00000, 0x000000073ea00000, 0x000000073ec00000|  0%| F|  |TAMS 0x000000073ea00000, 0x000000073ea00000| Untracked 
| 502|0x000000073ec00000, 0x000000073ec00000, 0x000000073ee00000|  0%| F|  |TAMS 0x000000073ec00000, 0x000000073ec00000| Untracked 
| 503|0x000000073ee00000, 0x000000073ee00000, 0x000000073f000000|  0%| F|  |TAMS 0x000000073ee00000, 0x000000073ee00000| Untracked 
| 504|0x000000073f000000, 0x000000073f000000, 0x000000073f200000|  0%| F|  |TAMS 0x000000073f000000, 0x000000073f000000| Untracked 
| 505|0x000000073f200000, 0x000000073f200000, 0x000000073f400000|  0%| F|  |TAMS 0x000000073f200000, 0x000000073f200000| Untracked 
| 506|0x000000073f400000, 0x000000073f400000, 0x000000073f600000|  0%| F|  |TAMS 0x000000073f400000, 0x000000073f400000| Untracked 
| 507|0x000000073f600000, 0x000000073f600000, 0x000000073f800000|  0%| F|  |TAMS 0x000000073f600000, 0x000000073f600000| Untracked 
| 508|0x000000073f800000, 0x000000073f800000, 0x000000073fa00000|  0%| F|  |TAMS 0x000000073f800000, 0x000000073f800000| Untracked 
| 509|0x000000073fa00000, 0x000000073fa00000, 0x000000073fc00000|  0%| F|  |TAMS 0x000000073fa00000, 0x000000073fa00000| Untracked 
| 510|0x000000073fc00000, 0x000000073fc00000, 0x000000073fe00000|  0%| F|  |TAMS 0x000000073fc00000, 0x000000073fc00000| Untracked 
| 511|0x000000073fe00000, 0x000000073fe00000, 0x0000000740000000|  0%| F|  |TAMS 0x000000073fe00000, 0x000000073fe00000| Untracked 
| 512|0x0000000740000000, 0x0000000740000000, 0x0000000740200000|  0%| F|  |TAMS 0x0000000740000000, 0x0000000740000000| Untracked 
| 513|0x0000000740200000, 0x0000000740200000, 0x0000000740400000|  0%| F|  |TAMS 0x0000000740200000, 0x0000000740200000| Untracked 
| 514|0x0000000740400000, 0x0000000740400000, 0x0000000740600000|  0%| F|  |TAMS 0x0000000740400000, 0x0000000740400000| Untracked 
| 515|0x0000000740600000, 0x0000000740600000, 0x0000000740800000|  0%| F|  |TAMS 0x0000000740600000, 0x0000000740600000| Untracked 
| 516|0x0000000740800000, 0x0000000740800000, 0x0000000740a00000|  0%| F|  |TAMS 0x0000000740800000, 0x0000000740800000| Untracked 
| 517|0x0000000740a00000, 0x0000000740a00000, 0x0000000740c00000|  0%| F|  |TAMS 0x0000000740a00000, 0x0000000740a00000| Untracked 
| 518|0x0000000740c00000, 0x0000000740c00000, 0x0000000740e00000|  0%| F|  |TAMS 0x0000000740c00000, 0x0000000740c00000| Untracked 
| 519|0x0000000740e00000, 0x0000000740e00000, 0x0000000741000000|  0%| F|  |TAMS 0x0000000740e00000, 0x0000000740e00000| Untracked 
| 520|0x0000000741000000, 0x0000000741000000, 0x0000000741200000|  0%| F|  |TAMS 0x0000000741000000, 0x0000000741000000| Untracked 
| 521|0x0000000741200000, 0x0000000741200000, 0x0000000741400000|  0%| F|  |TAMS 0x0000000741200000, 0x0000000741200000| Untracked 
| 522|0x0000000741400000, 0x0000000741400000, 0x0000000741600000|  0%| F|  |TAMS 0x0000000741400000, 0x0000000741400000| Untracked 
| 523|0x0000000741600000, 0x0000000741600000, 0x0000000741800000|  0%| F|  |TAMS 0x0000000741600000, 0x0000000741600000| Untracked 
| 524|0x0000000741800000, 0x0000000741800000, 0x0000000741a00000|  0%| F|  |TAMS 0x0000000741800000, 0x0000000741800000| Untracked 
| 525|0x0000000741a00000, 0x0000000741a00000, 0x0000000741c00000|  0%| F|  |TAMS 0x0000000741a00000, 0x0000000741a00000| Untracked 
| 526|0x0000000741c00000, 0x0000000741c00000, 0x0000000741e00000|  0%| F|  |TAMS 0x0000000741c00000, 0x0000000741c00000| Untracked 
| 527|0x0000000741e00000, 0x0000000741e00000, 0x0000000742000000|  0%| F|  |TAMS 0x0000000741e00000, 0x0000000741e00000| Untracked 
| 528|0x0000000742000000, 0x0000000742000000, 0x0000000742200000|  0%| F|  |TAMS 0x0000000742000000, 0x0000000742000000| Untracked 
| 529|0x0000000742200000, 0x0000000742200000, 0x0000000742400000|  0%| F|  |TAMS 0x0000000742200000, 0x0000000742200000| Untracked 
| 530|0x0000000742400000, 0x0000000742400000, 0x0000000742600000|  0%| F|  |TAMS 0x0000000742400000, 0x0000000742400000| Untracked 
| 531|0x0000000742600000, 0x0000000742600000, 0x0000000742800000|  0%| F|  |TAMS 0x0000000742600000, 0x0000000742600000| Untracked 
| 532|0x0000000742800000, 0x0000000742800000, 0x0000000742a00000|  0%| F|  |TAMS 0x0000000742800000, 0x0000000742800000| Untracked 
| 533|0x0000000742a00000, 0x0000000742a00000, 0x0000000742c00000|  0%| F|  |TAMS 0x0000000742a00000, 0x0000000742a00000| Untracked 
| 534|0x0000000742c00000, 0x0000000742c00000, 0x0000000742e00000|  0%| F|  |TAMS 0x0000000742c00000, 0x0000000742c00000| Untracked 
| 535|0x0000000742e00000, 0x0000000742e00000, 0x0000000743000000|  0%| F|  |TAMS 0x0000000742e00000, 0x0000000742e00000| Untracked 
| 536|0x0000000743000000, 0x0000000743000000, 0x0000000743200000|  0%| F|  |TAMS 0x0000000743000000, 0x0000000743000000| Untracked 
| 537|0x0000000743200000, 0x0000000743200000, 0x0000000743400000|  0%| F|  |TAMS 0x0000000743200000, 0x0000000743200000| Untracked 
| 538|0x0000000743400000, 0x0000000743400000, 0x0000000743600000|  0%| F|  |TAMS 0x0000000743400000, 0x0000000743400000| Untracked 
| 539|0x0000000743600000, 0x0000000743600000, 0x0000000743800000|  0%| F|  |TAMS 0x0000000743600000, 0x0000000743600000| Untracked 
| 540|0x0000000743800000, 0x0000000743800000, 0x0000000743a00000|  0%| F|  |TAMS 0x0000000743800000, 0x0000000743800000| Untracked 
| 541|0x0000000743a00000, 0x0000000743a00000, 0x0000000743c00000|  0%| F|  |TAMS 0x0000000743a00000, 0x0000000743a00000| Untracked 
| 542|0x0000000743c00000, 0x0000000743c00000, 0x0000000743e00000|  0%| F|  |TAMS 0x0000000743c00000, 0x0000000743c00000| Untracked 
| 543|0x0000000743e00000, 0x0000000743e00000, 0x0000000744000000|  0%| F|  |TAMS 0x0000000743e00000, 0x0000000743e00000| Untracked 
| 544|0x0000000744000000, 0x0000000744000000, 0x0000000744200000|  0%| F|  |TAMS 0x0000000744000000, 0x0000000744000000| Untracked 
| 545|0x0000000744200000, 0x0000000744200000, 0x0000000744400000|  0%| F|  |TAMS 0x0000000744200000, 0x0000000744200000| Untracked 
| 546|0x0000000744400000, 0x0000000744400000, 0x0000000744600000|  0%| F|  |TAMS 0x0000000744400000, 0x0000000744400000| Untracked 
| 547|0x0000000744600000, 0x0000000744600000, 0x0000000744800000|  0%| F|  |TAMS 0x0000000744600000, 0x0000000744600000| Untracked 
| 548|0x0000000744800000, 0x0000000744800000, 0x0000000744a00000|  0%| F|  |TAMS 0x0000000744800000, 0x0000000744800000| Untracked 
| 549|0x0000000744a00000, 0x0000000744a00000, 0x0000000744c00000|  0%| F|  |TAMS 0x0000000744a00000, 0x0000000744a00000| Untracked 
| 550|0x0000000744c00000, 0x0000000744c00000, 0x0000000744e00000|  0%| F|  |TAMS 0x0000000744c00000, 0x0000000744c00000| Untracked 
| 551|0x0000000744e00000, 0x0000000744e00000, 0x0000000745000000|  0%| F|  |TAMS 0x0000000744e00000, 0x0000000744e00000| Untracked 
| 552|0x0000000745000000, 0x0000000745000000, 0x0000000745200000|  0%| F|  |TAMS 0x0000000745000000, 0x0000000745000000| Untracked 
| 553|0x0000000745200000, 0x0000000745200000, 0x0000000745400000|  0%| F|  |TAMS 0x0000000745200000, 0x0000000745200000| Untracked 
| 554|0x0000000745400000, 0x0000000745400000, 0x0000000745600000|  0%| F|  |TAMS 0x0000000745400000, 0x0000000745400000| Untracked 
| 555|0x0000000745600000, 0x0000000745600000, 0x0000000745800000|  0%| F|  |TAMS 0x0000000745600000, 0x0000000745600000| Untracked 
| 556|0x0000000745800000, 0x0000000745800000, 0x0000000745a00000|  0%| F|  |TAMS 0x0000000745800000, 0x0000000745800000| Untracked 
| 557|0x0000000745a00000, 0x0000000745a00000, 0x0000000745c00000|  0%| F|  |TAMS 0x0000000745a00000, 0x0000000745a00000| Untracked 
| 558|0x0000000745c00000, 0x0000000745c00000, 0x0000000745e00000|  0%| F|  |TAMS 0x0000000745c00000, 0x0000000745c00000| Untracked 
| 559|0x0000000745e00000, 0x0000000745e00000, 0x0000000746000000|  0%| F|  |TAMS 0x0000000745e00000, 0x0000000745e00000| Untracked 
| 560|0x0000000746000000, 0x0000000746000000, 0x0000000746200000|  0%| F|  |TAMS 0x0000000746000000, 0x0000000746000000| Untracked 
| 561|0x0000000746200000, 0x0000000746200000, 0x0000000746400000|  0%| F|  |TAMS 0x0000000746200000, 0x0000000746200000| Untracked 
| 562|0x0000000746400000, 0x0000000746400000, 0x0000000746600000|  0%| F|  |TAMS 0x0000000746400000, 0x0000000746400000| Untracked 
| 563|0x0000000746600000, 0x0000000746600000, 0x0000000746800000|  0%| F|  |TAMS 0x0000000746600000, 0x0000000746600000| Untracked 
| 564|0x0000000746800000, 0x0000000746800000, 0x0000000746a00000|  0%| F|  |TAMS 0x0000000746800000, 0x0000000746800000| Untracked 
| 565|0x0000000746a00000, 0x0000000746a00000, 0x0000000746c00000|  0%| F|  |TAMS 0x0000000746a00000, 0x0000000746a00000| Untracked 
| 566|0x0000000746c00000, 0x0000000746c00000, 0x0000000746e00000|  0%| F|  |TAMS 0x0000000746c00000, 0x0000000746c00000| Untracked 
| 567|0x0000000746e00000, 0x0000000746e00000, 0x0000000747000000|  0%| F|  |TAMS 0x0000000746e00000, 0x0000000746e00000| Untracked 
| 568|0x0000000747000000, 0x0000000747000000, 0x0000000747200000|  0%| F|  |TAMS 0x0000000747000000, 0x0000000747000000| Untracked 
| 569|0x0000000747200000, 0x0000000747200000, 0x0000000747400000|  0%| F|  |TAMS 0x0000000747200000, 0x0000000747200000| Untracked 
| 570|0x0000000747400000, 0x0000000747400000, 0x0000000747600000|  0%| F|  |TAMS 0x0000000747400000, 0x0000000747400000| Untracked 
| 571|0x0000000747600000, 0x0000000747600000, 0x0000000747800000|  0%| F|  |TAMS 0x0000000747600000, 0x0000000747600000| Untracked 
| 572|0x0000000747800000, 0x0000000747800000, 0x0000000747a00000|  0%| F|  |TAMS 0x0000000747800000, 0x0000000747800000| Untracked 
| 573|0x0000000747a00000, 0x0000000747a00000, 0x0000000747c00000|  0%| F|  |TAMS 0x0000000747a00000, 0x0000000747a00000| Untracked 
| 574|0x0000000747c00000, 0x0000000747c00000, 0x0000000747e00000|  0%| F|  |TAMS 0x0000000747c00000, 0x0000000747c00000| Untracked 
| 575|0x0000000747e00000, 0x0000000747e00000, 0x0000000748000000|  0%| F|  |TAMS 0x0000000747e00000, 0x0000000747e00000| Untracked 
| 576|0x0000000748000000, 0x0000000748000000, 0x0000000748200000|  0%| F|  |TAMS 0x0000000748000000, 0x0000000748000000| Untracked 
| 577|0x0000000748200000, 0x0000000748200000, 0x0000000748400000|  0%| F|  |TAMS 0x0000000748200000, 0x0000000748200000| Untracked 
| 578|0x0000000748400000, 0x0000000748400000, 0x0000000748600000|  0%| F|  |TAMS 0x0000000748400000, 0x0000000748400000| Untracked 
| 579|0x0000000748600000, 0x0000000748600000, 0x0000000748800000|  0%| F|  |TAMS 0x0000000748600000, 0x0000000748600000| Untracked 
| 580|0x0000000748800000, 0x0000000748800000, 0x0000000748a00000|  0%| F|  |TAMS 0x0000000748800000, 0x0000000748800000| Untracked 
| 581|0x0000000748a00000, 0x0000000748a00000, 0x0000000748c00000|  0%| F|  |TAMS 0x0000000748a00000, 0x0000000748a00000| Untracked 
| 582|0x0000000748c00000, 0x0000000748c00000, 0x0000000748e00000|  0%| F|  |TAMS 0x0000000748c00000, 0x0000000748c00000| Untracked 
| 583|0x0000000748e00000, 0x0000000748e00000, 0x0000000749000000|  0%| F|  |TAMS 0x0000000748e00000, 0x0000000748e00000| Untracked 
| 584|0x0000000749000000, 0x0000000749000000, 0x0000000749200000|  0%| F|  |TAMS 0x0000000749000000, 0x0000000749000000| Untracked 
| 585|0x0000000749200000, 0x0000000749200000, 0x0000000749400000|  0%| F|  |TAMS 0x0000000749200000, 0x0000000749200000| Untracked 
| 586|0x0000000749400000, 0x0000000749400000, 0x0000000749600000|  0%| F|  |TAMS 0x0000000749400000, 0x0000000749400000| Untracked 
| 587|0x0000000749600000, 0x0000000749600000, 0x0000000749800000|  0%| F|  |TAMS 0x0000000749600000, 0x0000000749600000| Untracked 
| 588|0x0000000749800000, 0x0000000749800000, 0x0000000749a00000|  0%| F|  |TAMS 0x0000000749800000, 0x0000000749800000| Untracked 
| 589|0x0000000749a00000, 0x0000000749a00000, 0x0000000749c00000|  0%| F|  |TAMS 0x0000000749a00000, 0x0000000749a00000| Untracked 
| 590|0x0000000749c00000, 0x0000000749c00000, 0x0000000749e00000|  0%| F|  |TAMS 0x0000000749c00000, 0x0000000749c00000| Untracked 
| 591|0x0000000749e00000, 0x0000000749e00000, 0x000000074a000000|  0%| F|  |TAMS 0x0000000749e00000, 0x0000000749e00000| Untracked 
| 592|0x000000074a000000, 0x000000074a000000, 0x000000074a200000|  0%| F|  |TAMS 0x000000074a000000, 0x000000074a000000| Untracked 
| 593|0x000000074a200000, 0x000000074a200000, 0x000000074a400000|  0%| F|  |TAMS 0x000000074a200000, 0x000000074a200000| Untracked 
| 594|0x000000074a400000, 0x000000074a400000, 0x000000074a600000|  0%| F|  |TAMS 0x000000074a400000, 0x000000074a400000| Untracked 
| 595|0x000000074a600000, 0x000000074a600000, 0x000000074a800000|  0%| F|  |TAMS 0x000000074a600000, 0x000000074a600000| Untracked 
| 596|0x000000074a800000, 0x000000074a800000, 0x000000074aa00000|  0%| F|  |TAMS 0x000000074a800000, 0x000000074a800000| Untracked 
| 597|0x000000074aa00000, 0x000000074aa00000, 0x000000074ac00000|  0%| F|  |TAMS 0x000000074aa00000, 0x000000074aa00000| Untracked 
| 598|0x000000074ac00000, 0x000000074ac00000, 0x000000074ae00000|  0%| F|  |TAMS 0x000000074ac00000, 0x000000074ac00000| Untracked 
| 599|0x000000074ae00000, 0x000000074ae00000, 0x000000074b000000|  0%| F|  |TAMS 0x000000074ae00000, 0x000000074ae00000| Untracked 
| 600|0x000000074b000000, 0x000000074b000000, 0x000000074b200000|  0%| F|  |TAMS 0x000000074b000000, 0x000000074b000000| Untracked 
| 601|0x000000074b200000, 0x000000074b200000, 0x000000074b400000|  0%| F|  |TAMS 0x000000074b200000, 0x000000074b200000| Untracked 
| 602|0x000000074b400000, 0x000000074b400000, 0x000000074b600000|  0%| F|  |TAMS 0x000000074b400000, 0x000000074b400000| Untracked 
| 603|0x000000074b600000, 0x000000074b600000, 0x000000074b800000|  0%| F|  |TAMS 0x000000074b600000, 0x000000074b600000| Untracked 
| 604|0x000000074b800000, 0x000000074b800000, 0x000000074ba00000|  0%| F|  |TAMS 0x000000074b800000, 0x000000074b800000| Untracked 
| 605|0x000000074ba00000, 0x000000074ba00000, 0x000000074bc00000|  0%| F|  |TAMS 0x000000074ba00000, 0x000000074ba00000| Untracked 
| 606|0x000000074bc00000, 0x000000074bc00000, 0x000000074be00000|  0%| F|  |TAMS 0x000000074bc00000, 0x000000074bc00000| Untracked 
| 607|0x000000074be00000, 0x000000074be00000, 0x000000074c000000|  0%| F|  |TAMS 0x000000074be00000, 0x000000074be00000| Untracked 
| 608|0x000000074c000000, 0x000000074c000000, 0x000000074c200000|  0%| F|  |TAMS 0x000000074c000000, 0x000000074c000000| Untracked 
| 609|0x000000074c200000, 0x000000074c200000, 0x000000074c400000|  0%| F|  |TAMS 0x000000074c200000, 0x000000074c200000| Untracked 
| 610|0x000000074c400000, 0x000000074c400000, 0x000000074c600000|  0%| F|  |TAMS 0x000000074c400000, 0x000000074c400000| Untracked 
| 611|0x000000074c600000, 0x000000074c600000, 0x000000074c800000|  0%| F|  |TAMS 0x000000074c600000, 0x000000074c600000| Untracked 
| 612|0x000000074c800000, 0x000000074c800000, 0x000000074ca00000|  0%| F|  |TAMS 0x000000074c800000, 0x000000074c800000| Untracked 
| 613|0x000000074ca00000, 0x000000074ca00000, 0x000000074cc00000|  0%| F|  |TAMS 0x000000074ca00000, 0x000000074ca00000| Untracked 
| 614|0x000000074cc00000, 0x000000074cc00000, 0x000000074ce00000|  0%| F|  |TAMS 0x000000074cc00000, 0x000000074cc00000| Untracked 
| 615|0x000000074ce00000, 0x000000074ce00000, 0x000000074d000000|  0%| F|  |TAMS 0x000000074ce00000, 0x000000074ce00000| Untracked 
| 616|0x000000074d000000, 0x000000074d000000, 0x000000074d200000|  0%| F|  |TAMS 0x000000074d000000, 0x000000074d000000| Untracked 
| 617|0x000000074d200000, 0x000000074d200000, 0x000000074d400000|  0%| F|  |TAMS 0x000000074d200000, 0x000000074d200000| Untracked 
| 618|0x000000074d400000, 0x000000074d400000, 0x000000074d600000|  0%| F|  |TAMS 0x000000074d400000, 0x000000074d400000| Untracked 
| 619|0x000000074d600000, 0x000000074d600000, 0x000000074d800000|  0%| F|  |TAMS 0x000000074d600000, 0x000000074d600000| Untracked 
| 620|0x000000074d800000, 0x000000074d800000, 0x000000074da00000|  0%| F|  |TAMS 0x000000074d800000, 0x000000074d800000| Untracked 
| 621|0x000000074da00000, 0x000000074da00000, 0x000000074dc00000|  0%| F|  |TAMS 0x000000074da00000, 0x000000074da00000| Untracked 
| 622|0x000000074dc00000, 0x000000074dc00000, 0x000000074de00000|  0%| F|  |TAMS 0x000000074dc00000, 0x000000074dc00000| Untracked 
| 623|0x000000074de00000, 0x000000074de00000, 0x000000074e000000|  0%| F|  |TAMS 0x000000074de00000, 0x000000074de00000| Untracked 
| 624|0x000000074e000000, 0x000000074e000000, 0x000000074e200000|  0%| F|  |TAMS 0x000000074e000000, 0x000000074e000000| Untracked 
| 625|0x000000074e200000, 0x000000074e200000, 0x000000074e400000|  0%| F|  |TAMS 0x000000074e200000, 0x000000074e200000| Untracked 
| 626|0x000000074e400000, 0x000000074e400000, 0x000000074e600000|  0%| F|  |TAMS 0x000000074e400000, 0x000000074e400000| Untracked 
| 627|0x000000074e600000, 0x000000074e600000, 0x000000074e800000|  0%| F|  |TAMS 0x000000074e600000, 0x000000074e600000| Untracked 
| 628|0x000000074e800000, 0x000000074e800000, 0x000000074ea00000|  0%| F|  |TAMS 0x000000074e800000, 0x000000074e800000| Untracked 
| 629|0x000000074ea00000, 0x000000074ea00000, 0x000000074ec00000|  0%| F|  |TAMS 0x000000074ea00000, 0x000000074ea00000| Untracked 
| 630|0x000000074ec00000, 0x000000074ec00000, 0x000000074ee00000|  0%| F|  |TAMS 0x000000074ec00000, 0x000000074ec00000| Untracked 
| 631|0x000000074ee00000, 0x000000074ee00000, 0x000000074f000000|  0%| F|  |TAMS 0x000000074ee00000, 0x000000074ee00000| Untracked 
| 632|0x000000074f000000, 0x000000074f000000, 0x000000074f200000|  0%| F|  |TAMS 0x000000074f000000, 0x000000074f000000| Untracked 
| 633|0x000000074f200000, 0x000000074f200000, 0x000000074f400000|  0%| F|  |TAMS 0x000000074f200000, 0x000000074f200000| Untracked 
| 634|0x000000074f400000, 0x000000074f400000, 0x000000074f600000|  0%| F|  |TAMS 0x000000074f400000, 0x000000074f400000| Untracked 
| 635|0x000000074f600000, 0x000000074f600000, 0x000000074f800000|  0%| F|  |TAMS 0x000000074f600000, 0x000000074f600000| Untracked 
| 636|0x000000074f800000, 0x000000074f800000, 0x000000074fa00000|  0%| F|  |TAMS 0x000000074f800000, 0x000000074f800000| Untracked 
| 637|0x000000074fa00000, 0x000000074fa00000, 0x000000074fc00000|  0%| F|  |TAMS 0x000000074fa00000, 0x000000074fa00000| Untracked 
| 638|0x000000074fc00000, 0x000000074fc00000, 0x000000074fe00000|  0%| F|  |TAMS 0x000000074fc00000, 0x000000074fc00000| Untracked 
| 639|0x000000074fe00000, 0x000000074fe00000, 0x0000000750000000|  0%| F|  |TAMS 0x000000074fe00000, 0x000000074fe00000| Untracked 
| 640|0x0000000750000000, 0x0000000750000000, 0x0000000750200000|  0%| F|  |TAMS 0x0000000750000000, 0x0000000750000000| Untracked 
| 641|0x0000000750200000, 0x0000000750200000, 0x0000000750400000|  0%| F|  |TAMS 0x0000000750200000, 0x0000000750200000| Untracked 
| 642|0x0000000750400000, 0x0000000750400000, 0x0000000750600000|  0%| F|  |TAMS 0x0000000750400000, 0x0000000750400000| Untracked 
| 643|0x0000000750600000, 0x0000000750600000, 0x0000000750800000|  0%| F|  |TAMS 0x0000000750600000, 0x0000000750600000| Untracked 
| 644|0x0000000750800000, 0x0000000750800000, 0x0000000750a00000|  0%| F|  |TAMS 0x0000000750800000, 0x0000000750800000| Untracked 
| 645|0x0000000750a00000, 0x0000000750a00000, 0x0000000750c00000|  0%| F|  |TAMS 0x0000000750a00000, 0x0000000750a00000| Untracked 
| 646|0x0000000750c00000, 0x0000000750c00000, 0x0000000750e00000|  0%| F|  |TAMS 0x0000000750c00000, 0x0000000750c00000| Untracked 
| 647|0x0000000750e00000, 0x0000000750e00000, 0x0000000751000000|  0%| F|  |TAMS 0x0000000750e00000, 0x0000000750e00000| Untracked 
| 648|0x0000000751000000, 0x0000000751000000, 0x0000000751200000|  0%| F|  |TAMS 0x0000000751000000, 0x0000000751000000| Untracked 
| 649|0x0000000751200000, 0x0000000751200000, 0x0000000751400000|  0%| F|  |TAMS 0x0000000751200000, 0x0000000751200000| Untracked 
| 650|0x0000000751400000, 0x0000000751400000, 0x0000000751600000|  0%| F|  |TAMS 0x0000000751400000, 0x0000000751400000| Untracked 
| 651|0x0000000751600000, 0x0000000751600000, 0x0000000751800000|  0%| F|  |TAMS 0x0000000751600000, 0x0000000751600000| Untracked 
| 652|0x0000000751800000, 0x0000000751800000, 0x0000000751a00000|  0%| F|  |TAMS 0x0000000751800000, 0x0000000751800000| Untracked 
| 653|0x0000000751a00000, 0x0000000751a00000, 0x0000000751c00000|  0%| F|  |TAMS 0x0000000751a00000, 0x0000000751a00000| Untracked 
| 654|0x0000000751c00000, 0x0000000751c00000, 0x0000000751e00000|  0%| F|  |TAMS 0x0000000751c00000, 0x0000000751c00000| Untracked 
| 655|0x0000000751e00000, 0x0000000751e00000, 0x0000000752000000|  0%| F|  |TAMS 0x0000000751e00000, 0x0000000751e00000| Untracked 
| 656|0x0000000752000000, 0x0000000752000000, 0x0000000752200000|  0%| F|  |TAMS 0x0000000752000000, 0x0000000752000000| Untracked 
| 657|0x0000000752200000, 0x0000000752200000, 0x0000000752400000|  0%| F|  |TAMS 0x0000000752200000, 0x0000000752200000| Untracked 
| 658|0x0000000752400000, 0x0000000752400000, 0x0000000752600000|  0%| F|  |TAMS 0x0000000752400000, 0x0000000752400000| Untracked 
| 659|0x0000000752600000, 0x0000000752600000, 0x0000000752800000|  0%| F|  |TAMS 0x0000000752600000, 0x0000000752600000| Untracked 
| 660|0x0000000752800000, 0x0000000752800000, 0x0000000752a00000|  0%| F|  |TAMS 0x0000000752800000, 0x0000000752800000| Untracked 
| 661|0x0000000752a00000, 0x0000000752a00000, 0x0000000752c00000|  0%| F|  |TAMS 0x0000000752a00000, 0x0000000752a00000| Untracked 
| 662|0x0000000752c00000, 0x0000000752c00000, 0x0000000752e00000|  0%| F|  |TAMS 0x0000000752c00000, 0x0000000752c00000| Untracked 
| 663|0x0000000752e00000, 0x0000000752e00000, 0x0000000753000000|  0%| F|  |TAMS 0x0000000752e00000, 0x0000000752e00000| Untracked 
| 664|0x0000000753000000, 0x0000000753000000, 0x0000000753200000|  0%| F|  |TAMS 0x0000000753000000, 0x0000000753000000| Untracked 
| 665|0x0000000753200000, 0x0000000753200000, 0x0000000753400000|  0%| F|  |TAMS 0x0000000753200000, 0x0000000753200000| Untracked 
| 666|0x0000000753400000, 0x0000000753400000, 0x0000000753600000|  0%| F|  |TAMS 0x0000000753400000, 0x0000000753400000| Untracked 
| 667|0x0000000753600000, 0x0000000753600000, 0x0000000753800000|  0%| F|  |TAMS 0x0000000753600000, 0x0000000753600000| Untracked 
| 668|0x0000000753800000, 0x0000000753800000, 0x0000000753a00000|  0%| F|  |TAMS 0x0000000753800000, 0x0000000753800000| Untracked 
| 669|0x0000000753a00000, 0x0000000753a00000, 0x0000000753c00000|  0%| F|  |TAMS 0x0000000753a00000, 0x0000000753a00000| Untracked 
| 670|0x0000000753c00000, 0x0000000753c00000, 0x0000000753e00000|  0%| F|  |TAMS 0x0000000753c00000, 0x0000000753c00000| Untracked 
| 671|0x0000000753e00000, 0x0000000753e00000, 0x0000000754000000|  0%| F|  |TAMS 0x0000000753e00000, 0x0000000753e00000| Untracked 
| 672|0x0000000754000000, 0x0000000754000000, 0x0000000754200000|  0%| F|  |TAMS 0x0000000754000000, 0x0000000754000000| Untracked 
| 673|0x0000000754200000, 0x0000000754200000, 0x0000000754400000|  0%| F|  |TAMS 0x0000000754200000, 0x0000000754200000| Untracked 
| 674|0x0000000754400000, 0x0000000754400000, 0x0000000754600000|  0%| F|  |TAMS 0x0000000754400000, 0x0000000754400000| Untracked 
| 675|0x0000000754600000, 0x0000000754600000, 0x0000000754800000|  0%| F|  |TAMS 0x0000000754600000, 0x0000000754600000| Untracked 
| 676|0x0000000754800000, 0x0000000754800000, 0x0000000754a00000|  0%| F|  |TAMS 0x0000000754800000, 0x0000000754800000| Untracked 
| 677|0x0000000754a00000, 0x0000000754a00000, 0x0000000754c00000|  0%| F|  |TAMS 0x0000000754a00000, 0x0000000754a00000| Untracked 
| 678|0x0000000754c00000, 0x0000000754c00000, 0x0000000754e00000|  0%| F|  |TAMS 0x0000000754c00000, 0x0000000754c00000| Untracked 
| 679|0x0000000754e00000, 0x0000000754e00000, 0x0000000755000000|  0%| F|  |TAMS 0x0000000754e00000, 0x0000000754e00000| Untracked 
| 680|0x0000000755000000, 0x0000000755000000, 0x0000000755200000|  0%| F|  |TAMS 0x0000000755000000, 0x0000000755000000| Untracked 
| 681|0x0000000755200000, 0x0000000755200000, 0x0000000755400000|  0%| F|  |TAMS 0x0000000755200000, 0x0000000755200000| Untracked 
| 682|0x0000000755400000, 0x0000000755400000, 0x0000000755600000|  0%| F|  |TAMS 0x0000000755400000, 0x0000000755400000| Untracked 
| 683|0x0000000755600000, 0x0000000755600000, 0x0000000755800000|  0%| F|  |TAMS 0x0000000755600000, 0x0000000755600000| Untracked 
| 684|0x0000000755800000, 0x0000000755800000, 0x0000000755a00000|  0%| F|  |TAMS 0x0000000755800000, 0x0000000755800000| Untracked 
| 685|0x0000000755a00000, 0x0000000755a00000, 0x0000000755c00000|  0%| F|  |TAMS 0x0000000755a00000, 0x0000000755a00000| Untracked 
| 686|0x0000000755c00000, 0x0000000755c00000, 0x0000000755e00000|  0%| F|  |TAMS 0x0000000755c00000, 0x0000000755c00000| Untracked 
| 687|0x0000000755e00000, 0x0000000755e00000, 0x0000000756000000|  0%| F|  |TAMS 0x0000000755e00000, 0x0000000755e00000| Untracked 
| 688|0x0000000756000000, 0x0000000756000000, 0x0000000756200000|  0%| F|  |TAMS 0x0000000756000000, 0x0000000756000000| Untracked 
| 689|0x0000000756200000, 0x0000000756200000, 0x0000000756400000|  0%| F|  |TAMS 0x0000000756200000, 0x0000000756200000| Untracked 
| 690|0x0000000756400000, 0x0000000756400000, 0x0000000756600000|  0%| F|  |TAMS 0x0000000756400000, 0x0000000756400000| Untracked 
| 691|0x0000000756600000, 0x0000000756600000, 0x0000000756800000|  0%| F|  |TAMS 0x0000000756600000, 0x0000000756600000| Untracked 
| 692|0x0000000756800000, 0x0000000756800000, 0x0000000756a00000|  0%| F|  |TAMS 0x0000000756800000, 0x0000000756800000| Untracked 
| 693|0x0000000756a00000, 0x0000000756a00000, 0x0000000756c00000|  0%| F|  |TAMS 0x0000000756a00000, 0x0000000756a00000| Untracked 
| 694|0x0000000756c00000, 0x0000000756c00000, 0x0000000756e00000|  0%| F|  |TAMS 0x0000000756c00000, 0x0000000756c00000| Untracked 
| 695|0x0000000756e00000, 0x0000000756e00000, 0x0000000757000000|  0%| F|  |TAMS 0x0000000756e00000, 0x0000000756e00000| Untracked 
| 696|0x0000000757000000, 0x0000000757000000, 0x0000000757200000|  0%| F|  |TAMS 0x0000000757000000, 0x0000000757000000| Untracked 
| 697|0x0000000757200000, 0x0000000757200000, 0x0000000757400000|  0%| F|  |TAMS 0x0000000757200000, 0x0000000757200000| Untracked 
| 698|0x0000000757400000, 0x0000000757400000, 0x0000000757600000|  0%| F|  |TAMS 0x0000000757400000, 0x0000000757400000| Untracked 
| 699|0x0000000757600000, 0x0000000757600000, 0x0000000757800000|  0%| F|  |TAMS 0x0000000757600000, 0x0000000757600000| Untracked 
| 700|0x0000000757800000, 0x0000000757800000, 0x0000000757a00000|  0%| F|  |TAMS 0x0000000757800000, 0x0000000757800000| Untracked 
| 701|0x0000000757a00000, 0x0000000757a00000, 0x0000000757c00000|  0%| F|  |TAMS 0x0000000757a00000, 0x0000000757a00000| Untracked 
| 702|0x0000000757c00000, 0x0000000757c00000, 0x0000000757e00000|  0%| F|  |TAMS 0x0000000757c00000, 0x0000000757c00000| Untracked 
| 703|0x0000000757e00000, 0x0000000757e00000, 0x0000000758000000|  0%| F|  |TAMS 0x0000000757e00000, 0x0000000757e00000| Untracked 
| 704|0x0000000758000000, 0x0000000758000000, 0x0000000758200000|  0%| F|  |TAMS 0x0000000758000000, 0x0000000758000000| Untracked 
| 705|0x0000000758200000, 0x0000000758200000, 0x0000000758400000|  0%| F|  |TAMS 0x0000000758200000, 0x0000000758200000| Untracked 
| 706|0x0000000758400000, 0x0000000758400000, 0x0000000758600000|  0%| F|  |TAMS 0x0000000758400000, 0x0000000758400000| Untracked 
| 707|0x0000000758600000, 0x0000000758600000, 0x0000000758800000|  0%| F|  |TAMS 0x0000000758600000, 0x0000000758600000| Untracked 
| 708|0x0000000758800000, 0x0000000758800000, 0x0000000758a00000|  0%| F|  |TAMS 0x0000000758800000, 0x0000000758800000| Untracked 
| 709|0x0000000758a00000, 0x0000000758a00000, 0x0000000758c00000|  0%| F|  |TAMS 0x0000000758a00000, 0x0000000758a00000| Untracked 
| 710|0x0000000758c00000, 0x0000000758c00000, 0x0000000758e00000|  0%| F|  |TAMS 0x0000000758c00000, 0x0000000758c00000| Untracked 
| 711|0x0000000758e00000, 0x0000000758e00000, 0x0000000759000000|  0%| F|  |TAMS 0x0000000758e00000, 0x0000000758e00000| Untracked 
| 712|0x0000000759000000, 0x0000000759000000, 0x0000000759200000|  0%| F|  |TAMS 0x0000000759000000, 0x0000000759000000| Untracked 
| 713|0x0000000759200000, 0x0000000759200000, 0x0000000759400000|  0%| F|  |TAMS 0x0000000759200000, 0x0000000759200000| Untracked 
| 714|0x0000000759400000, 0x0000000759400000, 0x0000000759600000|  0%| F|  |TAMS 0x0000000759400000, 0x0000000759400000| Untracked 
| 715|0x0000000759600000, 0x0000000759600000, 0x0000000759800000|  0%| F|  |TAMS 0x0000000759600000, 0x0000000759600000| Untracked 
| 716|0x0000000759800000, 0x0000000759800000, 0x0000000759a00000|  0%| F|  |TAMS 0x0000000759800000, 0x0000000759800000| Untracked 
| 717|0x0000000759a00000, 0x0000000759a00000, 0x0000000759c00000|  0%| F|  |TAMS 0x0000000759a00000, 0x0000000759a00000| Untracked 
| 718|0x0000000759c00000, 0x0000000759c00000, 0x0000000759e00000|  0%| F|  |TAMS 0x0000000759c00000, 0x0000000759c00000| Untracked 
| 719|0x0000000759e00000, 0x0000000759e00000, 0x000000075a000000|  0%| F|  |TAMS 0x0000000759e00000, 0x0000000759e00000| Untracked 
| 720|0x000000075a000000, 0x000000075a000000, 0x000000075a200000|  0%| F|  |TAMS 0x000000075a000000, 0x000000075a000000| Untracked 
| 721|0x000000075a200000, 0x000000075a200000, 0x000000075a400000|  0%| F|  |TAMS 0x000000075a200000, 0x000000075a200000| Untracked 
| 722|0x000000075a400000, 0x000000075a400000, 0x000000075a600000|  0%| F|  |TAMS 0x000000075a400000, 0x000000075a400000| Untracked 
| 723|0x000000075a600000, 0x000000075a600000, 0x000000075a800000|  0%| F|  |TAMS 0x000000075a600000, 0x000000075a600000| Untracked 
| 724|0x000000075a800000, 0x000000075a800000, 0x000000075aa00000|  0%| F|  |TAMS 0x000000075a800000, 0x000000075a800000| Untracked 
| 725|0x000000075aa00000, 0x000000075aa00000, 0x000000075ac00000|  0%| F|  |TAMS 0x000000075aa00000, 0x000000075aa00000| Untracked 
| 726|0x000000075ac00000, 0x000000075ac00000, 0x000000075ae00000|  0%| F|  |TAMS 0x000000075ac00000, 0x000000075ac00000| Untracked 
| 727|0x000000075ae00000, 0x000000075ae00000, 0x000000075b000000|  0%| F|  |TAMS 0x000000075ae00000, 0x000000075ae00000| Untracked 
| 728|0x000000075b000000, 0x000000075b000000, 0x000000075b200000|  0%| F|  |TAMS 0x000000075b000000, 0x000000075b000000| Untracked 
| 729|0x000000075b200000, 0x000000075b200000, 0x000000075b400000|  0%| F|  |TAMS 0x000000075b200000, 0x000000075b200000| Untracked 
| 730|0x000000075b400000, 0x000000075b400000, 0x000000075b600000|  0%| F|  |TAMS 0x000000075b400000, 0x000000075b400000| Untracked 
| 731|0x000000075b600000, 0x000000075b600000, 0x000000075b800000|  0%| F|  |TAMS 0x000000075b600000, 0x000000075b600000| Untracked 
| 732|0x000000075b800000, 0x000000075b800000, 0x000000075ba00000|  0%| F|  |TAMS 0x000000075b800000, 0x000000075b800000| Untracked 
| 733|0x000000075ba00000, 0x000000075ba00000, 0x000000075bc00000|  0%| F|  |TAMS 0x000000075ba00000, 0x000000075ba00000| Untracked 
| 734|0x000000075bc00000, 0x000000075bc00000, 0x000000075be00000|  0%| F|  |TAMS 0x000000075bc00000, 0x000000075bc00000| Untracked 
| 735|0x000000075be00000, 0x000000075be00000, 0x000000075c000000|  0%| F|  |TAMS 0x000000075be00000, 0x000000075be00000| Untracked 
| 736|0x000000075c000000, 0x000000075c000000, 0x000000075c200000|  0%| F|  |TAMS 0x000000075c000000, 0x000000075c000000| Untracked 
| 737|0x000000075c200000, 0x000000075c200000, 0x000000075c400000|  0%| F|  |TAMS 0x000000075c200000, 0x000000075c200000| Untracked 
| 738|0x000000075c400000, 0x000000075c400000, 0x000000075c600000|  0%| F|  |TAMS 0x000000075c400000, 0x000000075c400000| Untracked 
| 739|0x000000075c600000, 0x000000075c600000, 0x000000075c800000|  0%| F|  |TAMS 0x000000075c600000, 0x000000075c600000| Untracked 
| 740|0x000000075c800000, 0x000000075c800000, 0x000000075ca00000|  0%| F|  |TAMS 0x000000075c800000, 0x000000075c800000| Untracked 
| 741|0x000000075ca00000, 0x000000075ca00000, 0x000000075cc00000|  0%| F|  |TAMS 0x000000075ca00000, 0x000000075ca00000| Untracked 
| 742|0x000000075cc00000, 0x000000075cc00000, 0x000000075ce00000|  0%| F|  |TAMS 0x000000075cc00000, 0x000000075cc00000| Untracked 
| 743|0x000000075ce00000, 0x000000075ce00000, 0x000000075d000000|  0%| F|  |TAMS 0x000000075ce00000, 0x000000075ce00000| Untracked 
| 744|0x000000075d000000, 0x000000075d000000, 0x000000075d200000|  0%| F|  |TAMS 0x000000075d000000, 0x000000075d000000| Untracked 
| 745|0x000000075d200000, 0x000000075d200000, 0x000000075d400000|  0%| F|  |TAMS 0x000000075d200000, 0x000000075d200000| Untracked 
| 746|0x000000075d400000, 0x000000075d400000, 0x000000075d600000|  0%| F|  |TAMS 0x000000075d400000, 0x000000075d400000| Untracked 
| 747|0x000000075d600000, 0x000000075d600000, 0x000000075d800000|  0%| F|  |TAMS 0x000000075d600000, 0x000000075d600000| Untracked 
| 748|0x000000075d800000, 0x000000075d800000, 0x000000075da00000|  0%| F|  |TAMS 0x000000075d800000, 0x000000075d800000| Untracked 
| 749|0x000000075da00000, 0x000000075da00000, 0x000000075dc00000|  0%| F|  |TAMS 0x000000075da00000, 0x000000075da00000| Untracked 
| 750|0x000000075dc00000, 0x000000075dc00000, 0x000000075de00000|  0%| F|  |TAMS 0x000000075dc00000, 0x000000075dc00000| Untracked 
| 751|0x000000075de00000, 0x000000075de00000, 0x000000075e000000|  0%| F|  |TAMS 0x000000075de00000, 0x000000075de00000| Untracked 
| 752|0x000000075e000000, 0x000000075e000000, 0x000000075e200000|  0%| F|  |TAMS 0x000000075e000000, 0x000000075e000000| Untracked 
| 753|0x000000075e200000, 0x000000075e200000, 0x000000075e400000|  0%| F|  |TAMS 0x000000075e200000, 0x000000075e200000| Untracked 
| 754|0x000000075e400000, 0x000000075e400000, 0x000000075e600000|  0%| F|  |TAMS 0x000000075e400000, 0x000000075e400000| Untracked 
| 755|0x000000075e600000, 0x000000075e600000, 0x000000075e800000|  0%| F|  |TAMS 0x000000075e600000, 0x000000075e600000| Untracked 
| 756|0x000000075e800000, 0x000000075e800000, 0x000000075ea00000|  0%| F|  |TAMS 0x000000075e800000, 0x000000075e800000| Untracked 
| 757|0x000000075ea00000, 0x000000075ea00000, 0x000000075ec00000|  0%| F|  |TAMS 0x000000075ea00000, 0x000000075ea00000| Untracked 
| 758|0x000000075ec00000, 0x000000075ec00000, 0x000000075ee00000|  0%| F|  |TAMS 0x000000075ec00000, 0x000000075ec00000| Untracked 
| 759|0x000000075ee00000, 0x000000075ee00000, 0x000000075f000000|  0%| F|  |TAMS 0x000000075ee00000, 0x000000075ee00000| Untracked 
| 760|0x000000075f000000, 0x000000075f000000, 0x000000075f200000|  0%| F|  |TAMS 0x000000075f000000, 0x000000075f000000| Untracked 
| 761|0x000000075f200000, 0x000000075f200000, 0x000000075f400000|  0%| F|  |TAMS 0x000000075f200000, 0x000000075f200000| Untracked 
| 762|0x000000075f400000, 0x000000075f5db7e8, 0x000000075f600000| 92%| S|CS|TAMS 0x000000075f400000, 0x000000075f400000| Complete 
| 763|0x000000075f600000, 0x000000075f800000, 0x000000075f800000|100%| S|CS|TAMS 0x000000075f600000, 0x000000075f600000| Complete 
| 764|0x000000075f800000, 0x000000075fa00000, 0x000000075fa00000|100%| S|CS|TAMS 0x000000075f800000, 0x000000075f800000| Complete 
| 765|0x000000075fa00000, 0x000000075fa00000, 0x000000075fc00000|  0%| F|  |TAMS 0x000000075fa00000, 0x000000075fa00000| Untracked 
| 766|0x000000075fc00000, 0x000000075fc00000, 0x000000075fe00000|  0%| F|  |TAMS 0x000000075fc00000, 0x000000075fc00000| Untracked 
| 767|0x000000075fe00000, 0x000000075fe00000, 0x0000000760000000|  0%| F|  |TAMS 0x000000075fe00000, 0x000000075fe00000| Untracked 
| 768|0x0000000760000000, 0x0000000760000000, 0x0000000760200000|  0%| F|  |TAMS 0x0000000760000000, 0x0000000760000000| Untracked 
| 769|0x0000000760200000, 0x0000000760200000, 0x0000000760400000|  0%| F|  |TAMS 0x0000000760200000, 0x0000000760200000| Untracked 
| 770|0x0000000760400000, 0x0000000760400000, 0x0000000760600000|  0%| F|  |TAMS 0x0000000760400000, 0x0000000760400000| Untracked 
| 771|0x0000000760600000, 0x0000000760600000, 0x0000000760800000|  0%| F|  |TAMS 0x0000000760600000, 0x0000000760600000| Untracked 
| 772|0x0000000760800000, 0x0000000760800000, 0x0000000760a00000|  0%| F|  |TAMS 0x0000000760800000, 0x0000000760800000| Untracked 
| 773|0x0000000760a00000, 0x0000000760a00000, 0x0000000760c00000|  0%| F|  |TAMS 0x0000000760a00000, 0x0000000760a00000| Untracked 
| 774|0x0000000760c00000, 0x0000000760c00000, 0x0000000760e00000|  0%| F|  |TAMS 0x0000000760c00000, 0x0000000760c00000| Untracked 
| 775|0x0000000760e00000, 0x0000000760e00000, 0x0000000761000000|  0%| F|  |TAMS 0x0000000760e00000, 0x0000000760e00000| Untracked 
| 776|0x0000000761000000, 0x0000000761000000, 0x0000000761200000|  0%| F|  |TAMS 0x0000000761000000, 0x0000000761000000| Untracked 
| 777|0x0000000761200000, 0x0000000761200000, 0x0000000761400000|  0%| F|  |TAMS 0x0000000761200000, 0x0000000761200000| Untracked 
| 778|0x0000000761400000, 0x0000000761400000, 0x0000000761600000|  0%| F|  |TAMS 0x0000000761400000, 0x0000000761400000| Untracked 
| 779|0x0000000761600000, 0x0000000761600000, 0x0000000761800000|  0%| F|  |TAMS 0x0000000761600000, 0x0000000761600000| Untracked 
| 780|0x0000000761800000, 0x0000000761800000, 0x0000000761a00000|  0%| F|  |TAMS 0x0000000761800000, 0x0000000761800000| Untracked 
| 781|0x0000000761a00000, 0x0000000761a00000, 0x0000000761c00000|  0%| F|  |TAMS 0x0000000761a00000, 0x0000000761a00000| Untracked 
| 782|0x0000000761c00000, 0x0000000761c00000, 0x0000000761e00000|  0%| F|  |TAMS 0x0000000761c00000, 0x0000000761c00000| Untracked 
| 783|0x0000000761e00000, 0x0000000761e00000, 0x0000000762000000|  0%| F|  |TAMS 0x0000000761e00000, 0x0000000761e00000| Untracked 
| 784|0x0000000762000000, 0x0000000762000000, 0x0000000762200000|  0%| F|  |TAMS 0x0000000762000000, 0x0000000762000000| Untracked 
| 785|0x0000000762200000, 0x0000000762200000, 0x0000000762400000|  0%| F|  |TAMS 0x0000000762200000, 0x0000000762200000| Untracked 
| 786|0x0000000762400000, 0x0000000762400000, 0x0000000762600000|  0%| F|  |TAMS 0x0000000762400000, 0x0000000762400000| Untracked 
| 787|0x0000000762600000, 0x0000000762600000, 0x0000000762800000|  0%| F|  |TAMS 0x0000000762600000, 0x0000000762600000| Untracked 
| 788|0x0000000762800000, 0x0000000762800000, 0x0000000762a00000|  0%| F|  |TAMS 0x0000000762800000, 0x0000000762800000| Untracked 
| 789|0x0000000762a00000, 0x0000000762a00000, 0x0000000762c00000|  0%| F|  |TAMS 0x0000000762a00000, 0x0000000762a00000| Untracked 
| 790|0x0000000762c00000, 0x0000000762c00000, 0x0000000762e00000|  0%| F|  |TAMS 0x0000000762c00000, 0x0000000762c00000| Untracked 
| 791|0x0000000762e00000, 0x0000000762e00000, 0x0000000763000000|  0%| F|  |TAMS 0x0000000762e00000, 0x0000000762e00000| Untracked 
| 792|0x0000000763000000, 0x0000000763000000, 0x0000000763200000|  0%| F|  |TAMS 0x0000000763000000, 0x0000000763000000| Untracked 
| 793|0x0000000763200000, 0x0000000763200000, 0x0000000763400000|  0%| F|  |TAMS 0x0000000763200000, 0x0000000763200000| Untracked 
| 794|0x0000000763400000, 0x0000000763400000, 0x0000000763600000|  0%| F|  |TAMS 0x0000000763400000, 0x0000000763400000| Untracked 
| 795|0x0000000763600000, 0x0000000763600000, 0x0000000763800000|  0%| F|  |TAMS 0x0000000763600000, 0x0000000763600000| Untracked 
| 796|0x0000000763800000, 0x0000000763800000, 0x0000000763a00000|  0%| F|  |TAMS 0x0000000763800000, 0x0000000763800000| Untracked 
| 797|0x0000000763a00000, 0x0000000763a00000, 0x0000000763c00000|  0%| F|  |TAMS 0x0000000763a00000, 0x0000000763a00000| Untracked 
| 798|0x0000000763c00000, 0x0000000763c00000, 0x0000000763e00000|  0%| F|  |TAMS 0x0000000763c00000, 0x0000000763c00000| Untracked 
| 799|0x0000000763e00000, 0x0000000763e00000, 0x0000000764000000|  0%| F|  |TAMS 0x0000000763e00000, 0x0000000763e00000| Untracked 
| 800|0x0000000764000000, 0x0000000764000000, 0x0000000764200000|  0%| F|  |TAMS 0x0000000764000000, 0x0000000764000000| Untracked 
| 801|0x0000000764200000, 0x0000000764200000, 0x0000000764400000|  0%| F|  |TAMS 0x0000000764200000, 0x0000000764200000| Untracked 
| 802|0x0000000764400000, 0x0000000764400000, 0x0000000764600000|  0%| F|  |TAMS 0x0000000764400000, 0x0000000764400000| Untracked 
| 803|0x0000000764600000, 0x0000000764600000, 0x0000000764800000|  0%| F|  |TAMS 0x0000000764600000, 0x0000000764600000| Untracked 
| 804|0x0000000764800000, 0x0000000764800000, 0x0000000764a00000|  0%| F|  |TAMS 0x0000000764800000, 0x0000000764800000| Untracked 

Card table byte_map: [0x000001ecbd960000,0x000001ecbe160000] _byte_map_base: 0x000001ecba160000

Marking Bits (Prev, Next): (CMBitMap*) 0x000001eca60f08d0, (CMBitMap*) 0x000001eca60f0890
 Prev Bits: [0x000001ecc2960000, 0x000001ecc6960000)
 Next Bits: [0x000001ecbe960000, 0x000001ecc2960000)

Polling page: 0x000001eca3f80000

Metaspace:

Usage:
  Non-class:    176.22 MB used.
      Class:     25.80 MB used.
       Both:    202.03 MB used.

Virtual space:
  Non-class space:      192.00 MB reserved,     177.00 MB ( 92%) committed,  3 nodes.
      Class space:        1.00 GB reserved,      26.50 MB (  3%) committed,  1 nodes.
             Both:        1.19 GB reserved,     203.50 MB ( 17%) committed. 

Chunk freelists:
   Non-Class:  14.12 MB
       Class:  5.45 MB
        Both:  19.57 MB

MaxMetaspaceSize: 2.00 GB
CompressedClassSpaceSize: 1.00 GB
Initial GC threshold: 21.00 MB
Current GC threshold: 273.44 MB
CDS: on
MetaspaceReclaimPolicy: balanced
 - commit_granule_bytes: 65536.
 - commit_granule_words: 8192.
 - virtual_space_node_default_size: 8388608.
 - enlarge_chunks_in_place: 1.
 - new_chunks_are_fully_committed: 0.
 - uncommit_free_chunks: 1.
 - use_allocation_guard: 0.
 - handle_deallocations: 1.


Internal statistics:

num_allocs_failed_limit: 15.
num_arena_births: 2276.
num_arena_deaths: 8.
num_vsnodes_births: 4.
num_vsnodes_deaths: 0.
num_space_committed: 3254.
num_space_uncommitted: 0.
num_chunks_returned_to_freelist: 30.
num_chunks_taken_from_freelist: 10608.
num_chunk_merges: 17.
num_chunk_splits: 7501.
num_chunks_enlarged: 5403.
num_inconsistent_stats: 0.

CodeHeap 'non-profiled nmethods': size=120000Kb used=20233Kb max_used=20489Kb free=99766Kb
 bounds [0x000001ecb56d0000, 0x000001ecb6ae0000, 0x000001ecbcc00000]
CodeHeap 'profiled nmethods': size=120000Kb used=54228Kb max_used=56369Kb free=65772Kb
 bounds [0x000001ecadc00000, 0x000001ecb1310000, 0x000001ecb5130000]
CodeHeap 'non-nmethods': size=5760Kb used=2707Kb max_used=2762Kb free=3052Kb
 bounds [0x000001ecb5130000, 0x000001ecb53f0000, 0x000001ecb56d0000]
 total_blobs=27097 nmethods=25810 adapters=1195
 compilation: enabled
              stopped_count=0, restarted_count=0
 full_count=0

Compilation events (20 events):
Event: 3219.139 Thread 0x000001ecc93c3640 nmethod 32937 0x000001ecae525310 code [0x000001ecae5254c0, 0x000001ecae525678]
Event: 3219.142 Thread 0x000001ecc93c2d30 nmethod 32935 0x000001ecb618e390 code [0x000001ecb618e540, 0x000001ecb618e888]
Event: 3219.142 Thread 0x000001ecc93c2d30 32936   !   4       org.gradle.api.internal.file.FileOrUriNotationConverter::convert (329 bytes)
Event: 3219.149 Thread 0x000001ecc93c3640 32938       3       org.gradle.api.internal.artifacts.transform.TransformExecutionResultSerializer$1::visitProducedOutput (30 bytes)
Event: 3219.150 Thread 0x000001ecc93c3640 nmethod 32938 0x000001ecae042790 code [0x000001ecae0429c0, 0x000001ecae042fd8]
Event: 3219.150 Thread 0x000001ecc93c3640 32939       3       org.gradle.api.internal.artifacts.transform.TransformExecutionResult$Builder$EntireInputArtifact::visitOutput (7 bytes)
Event: 3219.150 Thread 0x000001ecc93c3640 nmethod 32939 0x000001ecae6b0d90 code [0x000001ecae6b0f40, 0x000001ecae6b1108]
Event: 3219.160 Thread 0x000001ecc93c3640 32940       3       java.util.stream.Collectors::mapMerger (7 bytes)
Event: 3219.161 Thread 0x000001ecc93c3640 nmethod 32940 0x000001ecae860490 code [0x000001ecae860680, 0x000001ecae860c68]
Event: 3219.171 Thread 0x000001ecc93c3640 32941       3       org.gradle.api.internal.artifacts.transform.DefaultTransformOutputs$1::visitProducedOutput (20 bytes)
Event: 3219.173 Thread 0x000001ecc93c3640 nmethod 32941 0x000001ecadf85210 code [0x000001ecadf853c0, 0x000001ecadf855d8]
Event: 3219.216 Thread 0x000001ecc93c2d30 nmethod 32936 0x000001ecb5e00710 code [0x000001ecb5e00a00, 0x000001ecb5e02cd0]
Event: 3219.332 Thread 0x000001ecc93c2d30 32942       4       org.gradle.internal.vfs.impl.DefaultSnapshotHierarchy::hasDescendantsUnder (27 bytes)
Event: 3219.341 Thread 0x000001ecc93c2d30 nmethod 32942 0x000001ecb67dc410 code [0x000001ecb67dc600, 0x000001ecb67dcc68]
Event: 3219.441 Thread 0x000001ecc93c3640 32943       3       org.objectweb.asm.tree.FieldNode::visitAnnotation (42 bytes)
Event: 3219.443 Thread 0x000001ecc93c3640 nmethod 32943 0x000001ecae3cb010 code [0x000001ecae3cb260, 0x000001ecae3cbc78]
Event: 3219.887 Thread 0x000001ecc93c3640 32944       3       org.gradle.model.internal.asm.MethodVisitorScope::_POP (7 bytes)
Event: 3219.888 Thread 0x000001ecc93c3640 nmethod 32944 0x000001ecadc07090 code [0x000001ecadc07240, 0x000001ecadc074a8]
Event: 3222.472 Thread 0x000001ecc93c2d30 32945       4       org.objectweb.asm.MethodWriter::visitLookupSwitchInsn (114 bytes)
Event: 3222.495 Thread 0x000001ecc93c2d30 nmethod 32945 0x000001ecb67bc990 code [0x000001ecb67bcb80, 0x000001ecb67bdc10]

GC Heap History (20 events):
Event: 3178.793 GC heap after
{Heap after GC invocations=91 (full 0):
 garbage-first heap   total 1024000K, used 324260K [0x0000000700000000, 0x0000000800000000)
  region size 2048K, 5 young (10240K), 5 survivors (10240K)
 Metaspace       used 206366K, committed 207872K, reserved 1245184K
  class space    used 26395K, committed 27136K, reserved 1048576K
}
Event: 3179.104 GC heap before
{Heap before GC invocations=91 (full 0):
 garbage-first heap   total 1024000K, used 805540K [0x0000000700000000, 0x0000000800000000)
  region size 2048K, 241 young (493568K), 5 survivors (10240K)
 Metaspace       used 206370K, committed 207872K, reserved 1245184K
  class space    used 26395K, committed 27136K, reserved 1048576K
}
Event: 3179.130 GC heap after
{Heap after GC invocations=92 (full 0):
 garbage-first heap   total 1024000K, used 326500K [0x0000000700000000, 0x0000000800000000)
  region size 2048K, 6 young (12288K), 6 survivors (12288K)
 Metaspace       used 206370K, committed 207872K, reserved 1245184K
  class space    used 26395K, committed 27136K, reserved 1048576K
}
Event: 3179.331 GC heap before
{Heap before GC invocations=92 (full 0):
 garbage-first heap   total 1024000K, used 826212K [0x0000000700000000, 0x0000000800000000)
  region size 2048K, 250 young (512000K), 6 survivors (12288K)
 Metaspace       used 206384K, committed 207936K, reserved 1245184K
  class space    used 26395K, committed 27136K, reserved 1048576K
}
Event: 3179.356 GC heap after
{Heap after GC invocations=93 (full 0):
 garbage-first heap   total 1024000K, used 328632K [0x0000000700000000, 0x0000000800000000)
  region size 2048K, 7 young (14336K), 7 survivors (14336K)
 Metaspace       used 206384K, committed 207936K, reserved 1245184K
  class space    used 26395K, committed 27136K, reserved 1048576K
}
Event: 3180.723 GC heap before
{Heap before GC invocations=93 (full 0):
 garbage-first heap   total 1024000K, used 842680K [0x0000000700000000, 0x0000000800000000)
  region size 2048K, 258 young (528384K), 7 survivors (14336K)
 Metaspace       used 206384K, committed 207936K, reserved 1245184K
  class space    used 26395K, committed 27136K, reserved 1048576K
}
Event: 3180.744 GC heap after
{Heap after GC invocations=94 (full 0):
 garbage-first heap   total 1024000K, used 320817K [0x0000000700000000, 0x0000000800000000)
  region size 2048K, 4 young (8192K), 4 survivors (8192K)
 Metaspace       used 206384K, committed 207936K, reserved 1245184K
  class space    used 26395K, committed 27136K, reserved 1048576K
}
Event: 3218.475 GC heap before
{Heap before GC invocations=94 (full 0):
 garbage-first heap   total 1024000K, used 853297K [0x0000000700000000, 0x0000000800000000)
  region size 2048K, 265 young (542720K), 4 survivors (8192K)
 Metaspace       used 206871K, committed 208384K, reserved 1245184K
  class space    used 26424K, committed 27136K, reserved 1048576K
}
Event: 3218.711 GC heap after
{Heap after GC invocations=95 (full 0):
 garbage-first heap   total 1024000K, used 333488K [0x0000000700000000, 0x0000000800000000)
  region size 2048K, 10 young (20480K), 10 survivors (20480K)
 Metaspace       used 206871K, committed 208384K, reserved 1245184K
  class space    used 26424K, committed 27136K, reserved 1048576K
}
Event: 3219.611 GC heap before
{Heap before GC invocations=95 (full 0):
 garbage-first heap   total 1024000K, used 853680K [0x0000000700000000, 0x0000000800000000)
  region size 2048K, 265 young (542720K), 10 survivors (20480K)
 Metaspace       used 206875K, committed 208384K, reserved 1245184K
  class space    used 26424K, committed 27136K, reserved 1048576K
}
Event: 3219.839 GC heap after
{Heap after GC invocations=96 (full 0):
 garbage-first heap   total 1024000K, used 334163K [0x0000000700000000, 0x0000000800000000)
  region size 2048K, 10 young (20480K), 10 survivors (20480K)
 Metaspace       used 206875K, committed 208384K, reserved 1245184K
  class space    used 26424K, committed 27136K, reserved 1048576K
}
Event: 3219.927 GC heap before
{Heap before GC invocations=96 (full 0):
 garbage-first heap   total 1024000K, used 446803K [0x0000000700000000, 0x0000000800000000)
  region size 2048K, 65 young (133120K), 10 survivors (20480K)
 Metaspace       used 206875K, committed 208384K, reserved 1245184K
  class space    used 26424K, committed 27136K, reserved 1048576K
}
Event: 3222.352 GC heap after
{Heap after GC invocations=97 (full 0):
 garbage-first heap   total 1648640K, used 336371K [0x0000000700000000, 0x0000000800000000)
  region size 2048K, 3 young (6144K), 3 survivors (6144K)
 Metaspace       used 206875K, committed 208384K, reserved 1245184K
  class space    used 26424K, committed 27136K, reserved 1048576K
}
Event: 3222.409 GC heap before
{Heap before GC invocations=97 (full 0):
 garbage-first heap   total 1648640K, used 410099K [0x0000000700000000, 0x0000000800000000)
  region size 2048K, 40 young (81920K), 3 survivors (6144K)
 Metaspace       used 206876K, committed 208384K, reserved 1245184K
  class space    used 26424K, committed 27136K, reserved 1048576K
}
Event: 3222.434 GC heap after
{Heap after GC invocations=98 (full 0):
 garbage-first heap   total 1648640K, used 335787K [0x0000000700000000, 0x0000000800000000)
  region size 2048K, 3 young (6144K), 3 survivors (6144K)
 Metaspace       used 206876K, committed 208384K, reserved 1245184K
  class space    used 26424K, committed 27136K, reserved 1048576K
}
Event: 3222.480 GC heap before
{Heap before GC invocations=98 (full 0):
 garbage-first heap   total 1648640K, used 411563K [0x0000000700000000, 0x0000000800000000)
  region size 2048K, 40 young (81920K), 3 survivors (6144K)
 Metaspace       used 206876K, committed 208384K, reserved 1245184K
  class space    used 26424K, committed 27136K, reserved 1048576K
}
Event: 3222.483 GC heap after
{Heap after GC invocations=99 (full 0):
 garbage-first heap   total 1648640K, used 335965K [0x0000000700000000, 0x0000000800000000)
  region size 2048K, 3 young (6144K), 3 survivors (6144K)
 Metaspace       used 206876K, committed 208384K, reserved 1245184K
  class space    used 26424K, committed 27136K, reserved 1048576K
}
Event: 3222.532 GC heap before
{Heap before GC invocations=99 (full 0):
 garbage-first heap   total 1648640K, used 411741K [0x0000000700000000, 0x0000000800000000)
  region size 2048K, 40 young (81920K), 3 survivors (6144K)
 Metaspace       used 206876K, committed 208384K, reserved 1245184K
  class space    used 26424K, committed 27136K, reserved 1048576K
}
Event: 3222.536 GC heap after
{Heap after GC invocations=100 (full 0):
 garbage-first heap   total 1648640K, used 336480K [0x0000000700000000, 0x0000000800000000)
  region size 2048K, 3 young (6144K), 3 survivors (6144K)
 Metaspace       used 206876K, committed 208384K, reserved 1245184K
  class space    used 26424K, committed 27136K, reserved 1048576K
}
Event: 3222.582 GC heap before
{Heap before GC invocations=100 (full 0):
 garbage-first heap   total 1648640K, used 412256K [0x0000000700000000, 0x0000000800000000)
  region size 2048K, 40 young (81920K), 3 survivors (6144K)
 Metaspace       used 206876K, committed 208384K, reserved 1245184K
  class space    used 26424K, committed 27136K, reserved 1048576K
}

Dll operation events (16 events):
Event: 0.019 Loaded shared library C:\Program Files\Eclipse Adoptium\jdk-17.0.20.8-hotspot\bin\java.dll
Event: 0.037 Loaded shared library C:\Program Files\Eclipse Adoptium\jdk-17.0.20.8-hotspot\bin\jsvml.dll
Event: 0.092 Loaded shared library C:\Program Files\Eclipse Adoptium\jdk-17.0.20.8-hotspot\bin\zip.dll
Event: 0.096 Loaded shared library C:\Program Files\Eclipse Adoptium\jdk-17.0.20.8-hotspot\bin\instrument.dll
Event: 0.103 Loaded shared library C:\Program Files\Eclipse Adoptium\jdk-17.0.20.8-hotspot\bin\net.dll
Event: 0.105 Loaded shared library C:\Program Files\Eclipse Adoptium\jdk-17.0.20.8-hotspot\bin\nio.dll
Event: 0.108 Loaded shared library C:\Program Files\Eclipse Adoptium\jdk-17.0.20.8-hotspot\bin\zip.dll
Event: 0.362 Loaded shared library C:\Program Files\Eclipse Adoptium\jdk-17.0.20.8-hotspot\bin\jimage.dll
Event: 0.426 Loaded shared library C:\Program Files\Eclipse Adoptium\jdk-17.0.20.8-hotspot\bin\verify.dll
Event: 0.586 Loaded shared library C:\Users\hisha\.gradle\native\c067742578af261105cb4f569cf0c3c89f3d7b1fecec35dd04571415982c5e48\windows-amd64\native-platform.dll
Event: 0.600 Loaded shared library C:\Users\hisha\.gradle\native\38dada09dfb8b06ba9b0570ebf7e218e3eb74d4ef43ca46872605cf95ebc2f47\windows-amd64\native-platform-file-events.dll
Event: 1.462 Loaded shared library C:\Program Files\Eclipse Adoptium\jdk-17.0.20.8-hotspot\bin\management.dll
Event: 1.465 Loaded shared library C:\Program Files\Eclipse Adoptium\jdk-17.0.20.8-hotspot\bin\management_ext.dll
Event: 1.656 Loaded shared library C:\Program Files\Eclipse Adoptium\jdk-17.0.20.8-hotspot\bin\extnet.dll
Event: 1.998 Loaded shared library C:\Program Files\Eclipse Adoptium\jdk-17.0.20.8-hotspot\bin\sunmscapi.dll
Event: 14.993 Loaded shared library C:\Program Files\Eclipse Adoptium\jdk-17.0.20.8-hotspot\bin\rmi.dll

Deoptimization events (20 events):
Event: 3185.514 Thread 0x000001ed14ac9610 Uncommon trap: trap_request=0xffffffc6 fr.pc=0x000001ecb65b0840 relative=0x0000000000000660
Event: 3185.514 Thread 0x000001ed14ac9610 Uncommon trap: reason=bimorphic_or_optimized_type_check action=maybe_recompile pc=0x000001ecb65b0840 method=org.codehaus.groovy.util.SingleKeyHashMap.get(Ljava/lang/Object;)Ljava/lang/Object; @ 1 c2
Event: 3185.514 Thread 0x000001ed14ac9610 DEOPT PACKING pc=0x000001ecb65b0840 sp=0x00000001020f69d0
Event: 3185.514 Thread 0x000001ed14ac9610 DEOPT UNPACKING pc=0x000001ecb51869a3 sp=0x00000001020f6970 mode 2
Event: 3186.498 Thread 0x000001ed14ac9610 DEOPT PACKING pc=0x000001ecaff9042a sp=0x00000001020f5df0
Event: 3186.498 Thread 0x000001ed14ac9610 DEOPT UNPACKING pc=0x000001ecb5187143 sp=0x00000001020f52e8 mode 0
Event: 3187.011 Thread 0x000001ed29544f30 DEOPT PACKING pc=0x000001ecadf1f94c sp=0x000000010bcfd3a0
Event: 3187.012 Thread 0x000001ed29544f30 DEOPT UNPACKING pc=0x000001ecb5187143 sp=0x000000010bcfc818 mode 0
Event: 3187.072 Thread 0x000001ed10fff5e0 DEOPT PACKING pc=0x000001ecae056067 sp=0x000000010b5fcc80
Event: 3187.072 Thread 0x000001ed10fff5e0 DEOPT UNPACKING pc=0x000001ecb5187143 sp=0x000000010b5fc148 mode 0
Event: 3189.949 Thread 0x000001ed1abe4970 DEOPT PACKING pc=0x000001ecb0ccebc8 sp=0x000000010cffdde0
Event: 3189.951 Thread 0x000001ed1abe4970 DEOPT UNPACKING pc=0x000001ecb5187143 sp=0x000000010cffd2f0 mode 0
Event: 3214.995 Thread 0x000001ed14ac9610 Uncommon trap: trap_request=0xffffff45 fr.pc=0x000001ecb58de698 relative=0x0000000000000078
Event: 3214.997 Thread 0x000001ed14ac9610 Uncommon trap: reason=unstable_if action=reinterpret pc=0x000001ecb58de698 method=java.util.concurrent.locks.AbstractQueuedSynchronizer$ConditionObject.canReacquire(Ljava/util/concurrent/locks/AbstractQueuedSynchronizer$ConditionNode;)Z @ 18 c2
Event: 3214.997 Thread 0x000001ed14ac9610 DEOPT PACKING pc=0x000001ecb58de698 sp=0x00000001020f72c0
Event: 3214.999 Thread 0x000001ed14ac9610 DEOPT UNPACKING pc=0x000001ecb51869a3 sp=0x00000001020f7260 mode 2
Event: 3218.046 Thread 0x000001ed11e55b80 DEOPT PACKING pc=0x000001ecb01e3a81 sp=0x0000000103ffc6b0
Event: 3218.046 Thread 0x000001ed11e55b80 DEOPT UNPACKING pc=0x000001ecb5187143 sp=0x0000000103ffbbd0 mode 0
Event: 3222.385 Thread 0x000001ed1ab34020 DEOPT PACKING pc=0x000001ecb01e3a81 sp=0x000000010c9fc600
Event: 3222.385 Thread 0x000001ed1ab34020 DEOPT UNPACKING pc=0x000001ecb5187143 sp=0x000000010c9fbb20 mode 0

Classes loaded (20 events):
Event: 3142.141 Loading class java/util/regex/PatternCustomizer
Event: 3142.141 Loading class java/util/regex/PatternCustomizer done
Event: 3142.145 Loading class jdk/internal/reflect/UnsafeQualifiedStaticIntegerFieldAccessorImpl
Event: 3142.149 Loading class jdk/internal/reflect/UnsafeQualifiedStaticIntegerFieldAccessorImpl done
Event: 3142.168 Loading class java/util/regex/MatcherBeanInfo
Event: 3142.168 Loading class java/util/regex/MatcherBeanInfo done
Event: 3142.169 Loading class java/util/regex/MatcherBeanInfo
Event: 3142.169 Loading class java/util/regex/MatcherBeanInfo done
Event: 3142.169 Loading class java/util/regex/MatcherCustomizer
Event: 3142.169 Loading class java/util/regex/MatcherCustomizer done
Event: 3142.169 Loading class java/util/regex/MatcherCustomizer
Event: 3142.169 Loading class java/util/regex/MatcherCustomizer done
Event: 3158.270 Loading class java/lang/BooleanBeanInfo
Event: 3158.270 Loading class java/lang/BooleanBeanInfo done
Event: 3158.270 Loading class java/lang/BooleanBeanInfo
Event: 3158.270 Loading class java/lang/BooleanBeanInfo done
Event: 3158.271 Loading class java/lang/BooleanCustomizer
Event: 3158.271 Loading class java/lang/BooleanCustomizer done
Event: 3158.272 Loading class java/lang/BooleanCustomizer
Event: 3158.272 Loading class java/lang/BooleanCustomizer done

Classes unloaded (15 events):
Event: 9.772 Thread 0x000001ecc9399360 Unloading class 0x000001eccb5457d0 '_BuildScript_$_run_closure2'
Event: 9.772 Thread 0x000001ecc9399360 Unloading class 0x000001eccb5453e8 '_BuildScript_$_run_closure1$_closure4'
Event: 9.772 Thread 0x000001ecc9399360 Unloading class 0x000001eccb545000 '_BuildScript_$_run_closure1$_closure3$_closure5'
Event: 9.772 Thread 0x000001ecc9399360 Unloading class 0x000001eccb544918 '_BuildScript_$_run_closure1$_closure3'
Event: 9.772 Thread 0x000001ecc9399360 Unloading class 0x000001eccb544530 '_BuildScript_$_run_closure1'
Event: 9.772 Thread 0x000001ecc9399360 Unloading class 0x000001eccb544000 '_BuildScript_'
Event: 58.312 Thread 0x000001ecc9399360 Unloading class 0x000001eccbc00c00 '_BuildScript_$_run_closure1'
Event: 58.312 Thread 0x000001ecc9399360 Unloading class 0x000001eccbc02800 '_BuildScript_'
Event: 58.312 Thread 0x000001ecc9399360 Unloading class 0x000001eccbbf87d0 '_BuildScript_$_run_closure4'
Event: 58.312 Thread 0x000001ecc9399360 Unloading class 0x000001eccbbf83e8 '_BuildScript_$_run_closure3'
Event: 58.312 Thread 0x000001ecc9399360 Unloading class 0x000001eccbbf8000 '_BuildScript_$_run_closure2'
Event: 58.312 Thread 0x000001ecc9399360 Unloading class 0x000001eccbbf2920 '_BuildScript_$_run_closure1$_closure5'
Event: 58.312 Thread 0x000001ecc9399360 Unloading class 0x000001eccbbf2538 '_BuildScript_$_run_closure1'
Event: 58.312 Thread 0x000001ecc9399360 Unloading class 0x000001eccbbf2000 '_BuildScript_'
Event: 58.312 Thread 0x000001ecc9399360 Unloading class 0x000001eccbbf0000 '_BuildScript_'

Classes redefined (0 events):
No events

Internal exceptions (20 events):
Event: 3218.314 Thread 0x000001ed14ac9610 Exception <a 'sun/nio/fs/WindowsException'{0x00000007201d7530}> (0x00000007201d7530) 
thrown [s\src\hotspot\share\prims\jni.cpp, line 516]
Event: 3218.325 Thread 0x000001ed11e55160 Exception <a 'sun/nio/fs/WindowsException'{0x000000071fba4c10}> (0x000000071fba4c10) 
thrown [s\src\hotspot\share\prims\jni.cpp, line 516]
Event: 3218.332 Thread 0x000001ed11fe1190 Exception <a 'sun/nio/fs/WindowsException'{0x000000071ed23600}> (0x000000071ed23600) 
thrown [s\src\hotspot\share\prims\jni.cpp, line 516]
Event: 3218.712 Thread 0x000001ed14ac9610 Exception <a 'sun/nio/fs/WindowsException'{0x000000073e601918}> (0x000000073e601918) 
thrown [s\src\hotspot\share\prims\jni.cpp, line 516]
Event: 3219.061 Thread 0x000001ed11e55160 Exception <a 'sun/nio/fs/WindowsException'{0x000000073c144018}> (0x000000073c144018) 
thrown [s\src\hotspot\share\prims\jni.cpp, line 516]
Event: 3219.062 Thread 0x000001ed1abe2b10 Exception <a 'sun/nio/fs/WindowsException'{0x000000073df98c98}> (0x000000073df98c98) 
thrown [s\src\hotspot\share\prims\jni.cpp, line 516]
Event: 3219.065 Thread 0x000001ed11e55670 Exception <a 'sun/nio/fs/WindowsException'{0x000000073b3ebba8}> (0x000000073b3ebba8) 
thrown [s\src\hotspot\share\prims\jni.cpp, line 516]
Event: 3219.067 Thread 0x000001ed11fe1190 Exception <a 'sun/nio/fs/WindowsException'{0x0000000739b39890}> (0x0000000739b39890) 
thrown [s\src\hotspot\share\prims\jni.cpp, line 516]
Event: 3219.067 Thread 0x000001ed11e54c50 Exception <a 'sun/nio/fs/WindowsException'{0x000000073d2345b8}> (0x000000073d2345b8) 
thrown [s\src\hotspot\share\prims\jni.cpp, line 516]
Event: 3219.067 Thread 0x000001ed14ac9610 Exception <a 'sun/nio/fs/WindowsException'{0x000000073cac3c10}> (0x000000073cac3c10) 
thrown [s\src\hotspot\share\prims\jni.cpp, line 516]
Event: 3219.106 Thread 0x000001ed11e54c50 Exception <a 'sun/nio/fs/WindowsException'{0x00000007386d4d38}> (0x00000007386d4d38) 
thrown [s\src\hotspot\share\prims\jni.cpp, line 516]
Event: 3219.108 Thread 0x000001ed11fe1190 Exception <a 'sun/nio/fs/WindowsException'{0x0000000738759eb8}> (0x0000000738759eb8) 
thrown [s\src\hotspot\share\prims\jni.cpp, line 516]
Event: 3219.109 Thread 0x000001ed1abe2b10 Exception <a 'sun/nio/fs/WindowsException'{0x0000000738711b10}> (0x0000000738711b10) 
thrown [s\src\hotspot\share\prims\jni.cpp, line 516]
Event: 3219.110 Thread 0x000001ed14ac9610 Exception <a 'sun/nio/fs/WindowsException'{0x0000000738099fd0}> (0x0000000738099fd0) 
thrown [s\src\hotspot\share\prims\jni.cpp, line 516]
Event: 3219.117 Thread 0x000001ed11e55670 Exception <a 'sun/nio/fs/WindowsException'{0x0000000737dc80f0}> (0x0000000737dc80f0) 
thrown [s\src\hotspot\share\prims\jni.cpp, line 516]
Event: 3219.130 Thread 0x000001ed11e55160 Exception <a 'sun/nio/fs/WindowsException'{0x000000073760daf8}> (0x000000073760daf8) 
thrown [s\src\hotspot\share\prims\jni.cpp, line 516]
Event: 3219.133 Thread 0x000001ed1109de30 Exception <a 'sun/nio/fs/WindowsException'{0x0000000739248280}> (0x0000000739248280) 
thrown [s\src\hotspot\share\prims\jni.cpp, line 516]
Event: 3219.142 Thread 0x000001ed14ac9610 Exception <a 'sun/nio/fs/WindowsException'{0x000000073813adc8}> (0x000000073813adc8) 
thrown [s\src\hotspot\share\prims\jni.cpp, line 516]
Event: 3219.165 Thread 0x000001ed11e55160 Exception <a 'sun/nio/fs/WindowsException'{0x0000000736659668}> (0x0000000736659668) 
thrown [s\src\hotspot\share\prims\jni.cpp, line 516]
Event: 3219.197 Thread 0x000001ed11e55160 Exception <a 'sun/nio/fs/WindowsException'{0x0000000735414fb0}> (0x0000000735414fb0) 
thrown [s\src\hotspot\share\prims\jni.cpp, line 516]

VM Operations (20 events):
Event: 3191.563 Executing VM operation: Cleanup done
Event: 3215.577 Executing VM operation: Cleanup
Event: 3215.583 Executing VM operation: Cleanup done
Event: 3217.583 Executing VM operation: Cleanup
Event: 3217.652 Executing VM operation: Cleanup done
Event: 3218.466 Executing VM operation: G1CollectForAllocation
Event: 3218.711 Executing VM operation: G1CollectForAllocation done
Event: 3219.094 Executing VM operation: HandshakeAllThreads
Event: 3219.097 Executing VM operation: HandshakeAllThreads done
Event: 3219.610 Executing VM operation: G1CollectForAllocation
Event: 3219.839 Executing VM operation: G1CollectForAllocation done
Event: 3219.927 Executing VM operation: G1CollectForAllocation
Event: 3222.352 Executing VM operation: G1CollectForAllocation done
Event: 3222.408 Executing VM operation: G1CollectForAllocation
Event: 3222.434 Executing VM operation: G1CollectForAllocation done
Event: 3222.479 Executing VM operation: G1CollectForAllocation
Event: 3222.483 Executing VM operation: G1CollectForAllocation done
Event: 3222.532 Executing VM operation: G1CollectForAllocation
Event: 3222.536 Executing VM operation: G1CollectForAllocation done
Event: 3222.582 Executing VM operation: G1CollectForAllocation

Memory protections (0 events):
No events

Nmethod flushes (20 events):
Event: 3222.380 Thread 0x000001ecc93d6370 flushing  nmethod 0x000001ecb0977e10
Event: 3222.381 Thread 0x000001ecc93d6370 flushing  nmethod 0x000001ecb098c790
Event: 3222.382 Thread 0x000001ecc93d6370 flushing  nmethod 0x000001ecb0995310
Event: 3222.382 Thread 0x000001ecc93d6370 flushing  nmethod 0x000001ecb09a8e90
Event: 3222.382 Thread 0x000001ecc93d6370 flushing  nmethod 0x000001ecb09b1b90
Event: 3222.384 Thread 0x000001ecc93d6370 flushing  nmethod 0x000001ecb09c2f10
Event: 3222.385 Thread 0x000001ecc93d6370 flushing  nmethod 0x000001ecb09e5f90
Event: 3222.387 Thread 0x000001ecc93d6370 flushing  nmethod 0x000001ecb0a66b90
Event: 3222.389 Thread 0x000001ecc93d6370 flushing  nmethod 0x000001ecb0ab0190
Event: 3222.395 Thread 0x000001ecc93d6370 flushing  nmethod 0x000001ecb0b19f90
Event: 3222.402 Thread 0x000001ecc93d6370 flushing  nmethod 0x000001ecb0ba9810
Event: 3222.403 Thread 0x000001ecc93d6370 flushing  nmethod 0x000001ecb0be6d90
Event: 3222.437 Thread 0x000001ecc93d6370 flushing osr nmethod 0x000001ecb0d2cb90
Event: 3222.438 Thread 0x000001ecc93d6370 flushing  nmethod 0x000001ecb0d6f410
Event: 3222.441 Thread 0x000001ecc93d6370 flushing  nmethod 0x000001ecb0f57d10
Event: 3222.444 Thread 0x000001ecc93d6370 flushing  nmethod 0x000001ecb10a5210
Event: 3222.445 Thread 0x000001ecc93d6370 flushing  nmethod 0x000001ecb1111c10
Event: 3222.446 Thread 0x000001ecc93d6370 flushing  nmethod 0x000001ecb1135410
Event: 3222.446 Thread 0x000001ecc93d6370 flushing  nmethod 0x000001ecb1190310
Event: 3222.446 Thread 0x000001ecc93d6370 flushing  nmethod 0x000001ecb11ac490

Events (20 events):
Event: 3143.210 Thread 0x000001ed14ac9610 Thread added: 0x000001ed19aa8e50
Event: 3143.212 Thread 0x000001ed14ac9610 Thread added: 0x000001ed19aa9360
Event: 3143.212 Thread 0x000001ed14ac9610 Thread added: 0x000001ed12da0810
Event: 3143.212 Thread 0x000001ed14ac9610 Thread added: 0x000001ed12d9df90
Event: 3143.247 Thread 0x000001ed14ac9610 Thread added: 0x000001ed1ab34020
Event: 3143.248 Thread 0x000001ed14ac9610 Thread added: 0x000001ed1ab34a40
Event: 3143.250 Thread 0x000001ed14ac9610 Thread added: 0x000001ed1ab35970
Event: 3143.251 Thread 0x000001ed14ac9610 Thread added: 0x000001ed11fe1190
Event: 3143.252 Thread 0x000001ed14ac9610 Thread added: 0x000001ed1abe4e80
Event: 3143.254 Thread 0x000001ed14ac9610 Thread added: 0x000001ed1abe3f50
Event: 3143.256 Thread 0x000001ed14ac9610 Thread added: 0x000001ed1abe4970
Event: 3143.257 Thread 0x000001ed14ac9610 Thread added: 0x000001ed1abe2600
Event: 3143.259 Thread 0x000001ed14ac9610 Thread added: 0x000001ed1abe2b10
Event: 3143.260 Thread 0x000001ed14ac9610 Thread added: 0x000001ed1abe5390
Event: 3143.261 Thread 0x000001ed14ac9610 Thread added: 0x000001ed1abe3a40
Event: 3144.734 Thread 0x000001ed1bc1c9e0 Thread exited: 0x000001ed1bc1c9e0
Event: 3147.817 Thread 0x000001ed14ac9610 Thread added: 0x000001ed1ad71a20
Event: 3147.817 Thread 0x000001ed14ac9610 Thread added: 0x000001ed1ad73d90
Event: 3178.522 Thread 0x000001ecc93c3640 Thread added: 0x000001ed145bdb10
Event: 3179.280 Thread 0x000001ed145bdb10 Thread exited: 0x000001ed145bdb10


Dynamic libraries:
0x00007ff6eb2e0000 - 0x00007ff6eb2ee000 	C:\Program Files\Eclipse Adoptium\jdk-17.0.20.8-hotspot\bin\java.exe
0x00007fff6b160000 - 0x00007fff6b3c6000 	C:\WINDOWS\SYSTEM32\ntdll.dll
0x00007fff691a0000 - 0x00007fff69269000 	C:\WINDOWS\System32\KERNEL32.DLL
0x00007fff68720000 - 0x00007fff68b1f000 	C:\WINDOWS\System32\KERNELBASE.dll
0x00007fff68370000 - 0x00007fff684bc000 	C:\WINDOWS\System32\ucrtbase.dll
0x00007fff45270000 - 0x00007fff4528e000 	C:\Program Files\Eclipse Adoptium\jdk-17.0.20.8-hotspot\bin\VCRUNTIME140.dll
0x00007fff44780000 - 0x00007fff44798000 	C:\Program Files\Eclipse Adoptium\jdk-17.0.20.8-hotspot\bin\jli.dll
0x00007fff69810000 - 0x00007fff699d6000 	C:\WINDOWS\System32\USER32.dll
0x00007fff68b30000 - 0x00007fff68b57000 	C:\WINDOWS\System32\win32u.dll
0x00007fff68f80000 - 0x00007fff68fab000 	C:\WINDOWS\System32\GDI32.dll
0x00007fff68d60000 - 0x00007fff68e89000 	C:\WINDOWS\System32\gdi32full.dll
0x00007fff68b60000 - 0x00007fff68c03000 	C:\WINDOWS\System32\msvcp_win.dll
0x00007fff4ab10000 - 0x00007fff4ada1000 	C:\WINDOWS\WinSxS\amd64_microsoft.windows.common-controls_6595b64144ccf1df_6.0.26100.8972_none_3e0da176e32f9d4b\COMCTL32.dll
0x00007fff69320000 - 0x00007fff693c9000 	C:\WINDOWS\System32\msvcrt.dll
0x00007fff68e90000 - 0x00007fff68ec2000 	C:\WINDOWS\System32\IMM32.DLL
0x00007fff532c0000 - 0x00007fff532cc000 	C:\Program Files\Eclipse Adoptium\jdk-17.0.20.8-hotspot\bin\vcruntime140_1.dll
0x00007fff31bd0000 - 0x00007fff31c5d000 	C:\Program Files\Eclipse Adoptium\jdk-17.0.20.8-hotspot\bin\msvcp140.dll
0x00007ffed97c0000 - 0x00007ffeda42c000 	C:\Program Files\Eclipse Adoptium\jdk-17.0.20.8-hotspot\bin\server\jvm.dll
0x00007fff6ae40000 - 0x00007fff6aefc000 	C:\WINDOWS\System32\ADVAPI32.dll
0x00007fff68ed0000 - 0x00007fff68f7a000 	C:\WINDOWS\System32\sechost.dll
0x00007fff69000000 - 0x00007fff69118000 	C:\WINDOWS\System32\RPCRT4.dll
0x00007fff69290000 - 0x00007fff69312000 	C:\WINDOWS\System32\WS2_32.dll
0x00007fff67c30000 - 0x00007fff67c8e000 	C:\WINDOWS\SYSTEM32\POWRPROF.dll
0x00007fff57a00000 - 0x00007fff57a36000 	C:\WINDOWS\SYSTEM32\WINMM.dll
0x00007fff51a80000 - 0x00007fff51a8b000 	C:\WINDOWS\SYSTEM32\VERSION.dll
0x00007fff67c10000 - 0x00007fff67c25000 	C:\WINDOWS\SYSTEM32\UMPDC.dll
0x00007fff66f80000 - 0x00007fff66f9b000 	C:\WINDOWS\SYSTEM32\kernel.appcore.dll
0x00007fff53270000 - 0x00007fff5327a000 	C:\Program Files\Eclipse Adoptium\jdk-17.0.20.8-hotspot\bin\jimage.dll
0x00007fff65ab0000 - 0x00007fff65cf2000 	C:\WINDOWS\SYSTEM32\DBGHELP.DLL
0x00007fff69d10000 - 0x00007fff6a095000 	C:\WINDOWS\System32\combase.dll
0x00007fff6a560000 - 0x00007fff6a639000 	C:\WINDOWS\System32\OLEAUT32.dll
0x00007fff433c0000 - 0x00007fff433fb000 	C:\WINDOWS\SYSTEM32\dbgcore.DLL
0x00007fff684d0000 - 0x00007fff6857c000 	C:\WINDOWS\System32\bcryptPrimitives.dll
0x00007fff48860000 - 0x00007fff4886e000 	C:\Program Files\Eclipse Adoptium\jdk-17.0.20.8-hotspot\bin\instrument.dll
0x00007fff40c00000 - 0x00007fff40c25000 	C:\Program Files\Eclipse Adoptium\jdk-17.0.20.8-hotspot\bin\java.dll
0x00007fff28e50000 - 0x00007fff28f27000 	C:\Program Files\Eclipse Adoptium\jdk-17.0.20.8-hotspot\bin\jsvml.dll
0x00007fff6a640000 - 0x00007fff6adc8000 	C:\WINDOWS\System32\SHELL32.dll
0x00007fff65d00000 - 0x00007fff6659b000 	C:\WINDOWS\SYSTEM32\windows.storage.dll
0x00007fff699e0000 - 0x00007fff69ad9000 	C:\WINDOWS\System32\SHCORE.dll
0x00007fff6add0000 - 0x00007fff6ae36000 	C:\WINDOWS\System32\shlwapi.dll
0x00007fff68290000 - 0x00007fff682b9000 	C:\WINDOWS\SYSTEM32\profapi.dll
0x00007fff407d0000 - 0x00007fff407e8000 	C:\Program Files\Eclipse Adoptium\jdk-17.0.20.8-hotspot\bin\zip.dll
0x00007fff41730000 - 0x00007fff4174a000 	C:\Program Files\Eclipse Adoptium\jdk-17.0.20.8-hotspot\bin\net.dll
0x00007fff5ed90000 - 0x00007fff5eeb8000 	C:\WINDOWS\SYSTEM32\WINHTTP.dll
0x00007fff675b0000 - 0x00007fff6761c000 	C:\WINDOWS\system32\mswsock.dll
0x00007fff41110000 - 0x00007fff41126000 	C:\Program Files\Eclipse Adoptium\jdk-17.0.20.8-hotspot\bin\nio.dll
0x00007fff513c0000 - 0x00007fff513d0000 	C:\Program Files\Eclipse Adoptium\jdk-17.0.20.8-hotspot\bin\verify.dll
0x00007fff3d920000 - 0x00007fff3d947000 	C:\Users\hisha\.gradle\native\c067742578af261105cb4f569cf0c3c89f3d7b1fecec35dd04571415982c5e48\windows-amd64\native-platform.dll
0x00007ffef6ea0000 - 0x00007ffef6fe4000 	C:\Users\hisha\.gradle\native\38dada09dfb8b06ba9b0570ebf7e218e3eb74d4ef43ca46872605cf95ebc2f47\windows-amd64\native-platform-file-events.dll
0x00007fff4c6a0000 - 0x00007fff4c6aa000 	C:\Program Files\Eclipse Adoptium\jdk-17.0.20.8-hotspot\bin\management.dll
0x00007fff4c670000 - 0x00007fff4c67c000 	C:\Program Files\Eclipse Adoptium\jdk-17.0.20.8-hotspot\bin\management_ext.dll
0x00007fff69280000 - 0x00007fff69288000 	C:\WINDOWS\System32\PSAPI.DLL
0x00007fff679d0000 - 0x00007fff679eb000 	C:\WINDOWS\SYSTEM32\CRYPTSP.dll
0x00007fff66fa0000 - 0x00007fff66fd9000 	C:\WINDOWS\system32\rsaenh.dll
0x00007fff67660000 - 0x00007fff67692000 	C:\WINDOWS\SYSTEM32\USERENV.dll
0x00007fff68260000 - 0x00007fff6828a000 	C:\WINDOWS\SYSTEM32\bcrypt.dll
0x00007fff67810000 - 0x00007fff6781c000 	C:\WINDOWS\SYSTEM32\CRYPTBASE.dll
0x00007fff669d0000 - 0x00007fff66a03000 	C:\WINDOWS\SYSTEM32\IPHLPAPI.DLL
0x00007fff69270000 - 0x00007fff6927a000 	C:\WINDOWS\System32\NSI.dll
0x00007fff5eef0000 - 0x00007fff5ef0d000 	C:\WINDOWS\SYSTEM32\dhcpcsvc6.DLL
0x00007fff5eec0000 - 0x00007fff5eee5000 	C:\WINDOWS\SYSTEM32\dhcpcsvc.DLL
0x00007fff66a10000 - 0x00007fff66b68000 	C:\WINDOWS\SYSTEM32\DNSAPI.dll
0x00007fff67380000 - 0x00007fff6738d000 	C:\WINDOWS\SYSTEM32\DSPARSE.dll
0x00007fff48b70000 - 0x00007fff48b79000 	C:\Program Files\Eclipse Adoptium\jdk-17.0.20.8-hotspot\bin\extnet.dll
0x00007fff45e70000 - 0x00007fff45e7e000 	C:\Program Files\Eclipse Adoptium\jdk-17.0.20.8-hotspot\bin\sunmscapi.dll
0x00007fff68590000 - 0x00007fff6870e000 	C:\WINDOWS\System32\CRYPT32.dll
0x00007fff67bd0000 - 0x00007fff67c00000 	C:\WINDOWS\SYSTEM32\ncrypt.dll
0x00007fff67b80000 - 0x00007fff67bbf000 	C:\WINDOWS\SYSTEM32\NTASN1.dll
0x00007fff461e0000 - 0x00007fff461e8000 	C:\WINDOWS\system32\wshunix.dll
0x00007fff5d930000 - 0x00007fff5d93b000 	C:\Windows\System32\rasadhlp.dll
0x00007fff5f5a0000 - 0x00007fff5f626000 	C:\WINDOWS\System32\fwpuclnt.dll
0x00007fff621f0000 - 0x00007fff621f7000 	C:\Program Files\Eclipse Adoptium\jdk-17.0.20.8-hotspot\bin\rmi.dll

dbghelp: loaded successfully - version: 4.0.5 - missing functions: none
symbol engine: initialized successfully - sym options: 0x614 - pdb path: .;C:\Program Files\Eclipse Adoptium\jdk-17.0.20.8-hotspot\bin;C:\WINDOWS\SYSTEM32;C:\WINDOWS\WinSxS\amd64_microsoft.windows.common-controls_6595b64144ccf1df_6.0.26100.8972_none_3e0da176e32f9d4b;C:\Program Files\Eclipse Adoptium\jdk-17.0.20.8-hotspot\bin\server;C:\Users\hisha\.gradle\native\c067742578af261105cb4f569cf0c3c89f3d7b1fecec35dd04571415982c5e48\windows-amd64;C:\Users\hisha\.gradle\native\38dada09dfb8b06ba9b0570ebf7e218e3eb74d4ef43ca46872605cf95ebc2f47\windows-amd64

VM Arguments:
jvm_args: -XX:MaxMetaspaceSize=2G -XX:+HeapDumpOnOutOfMemoryError --add-opens=java.base/java.util=ALL-UNNAMED --add-opens=java.base/java.lang=ALL-UNNAMED --add-opens=java.base/java.lang.invoke=ALL-UNNAMED --add-opens=java.prefs/java.util.prefs=ALL-UNNAMED --add-opens=java.base/java.nio.charset=ALL-UNNAMED --add-opens=java.base/java.net=ALL-UNNAMED --add-opens=java.base/java.util.concurrent.atomic=ALL-UNNAMED -Xmx4G -Dfile.encoding=windows-1256 -Duser.country=US -Duser.language=en -Duser.variant -javaagent:C:\Users\hisha\.gradle\wrapper\dists\gradle-8.7-bin\bhs2wmbdwecv87pi65oeuq5iu\gradle-8.7\lib\agents\gradle-instrumentation-agent-8.7.jar 
java_command: org.gradle.launcher.daemon.bootstrap.GradleDaemon 8.7
java_class_path (initial): C:\Users\hisha\.gradle\wrapper\dists\gradle-8.7-bin\bhs2wmbdwecv87pi65oeuq5iu\gradle-8.7\lib\gradle-launcher-8.7.jar
Launcher Type: SUN_STANDARD

[Global flags]
     intx CICompilerCount                          = 4                                         {product} {ergonomic}
     uint ConcGCThreads                            = 3                                         {product} {ergonomic}
     uint G1ConcRefinementThreads                  = 10                                        {product} {ergonomic}
   size_t G1HeapRegionSize                         = 2097152                                   {product} {ergonomic}
    uintx GCDrainStackTargetSize                   = 64                                        {product} {ergonomic}
     bool HeapDumpOnOutOfMemoryError               = true                                   {manageable} {command line}
   size_t InitialHeapSize                          = 130023424                                 {product} {ergonomic}
   size_t MarkStackSize                            = 4194304                                   {product} {ergonomic}
   size_t MaxHeapSize                              = 4294967296                                {product} {command line}
   size_t MaxMetaspaceSize                         = 2147483648                                {product} {command line}
   size_t MaxNewSize                               = 2575302656                                {product} {ergonomic}
   size_t MinHeapDeltaBytes                        = 2097152                                   {product} {ergonomic}
   size_t MinHeapSize                              = 8388608                                   {product} {ergonomic}
    uintx NonNMethodCodeHeapSize                   = 5839372                                {pd product} {ergonomic}
    uintx NonProfiledCodeHeapSize                  = 122909434                              {pd product} {ergonomic}
    uintx ProfiledCodeHeapSize                     = 122909434                              {pd product} {ergonomic}
    uintx ReservedCodeCacheSize                    = 251658240                              {pd product} {ergonomic}
     bool SegmentedCodeCache                       = true                                      {product} {ergonomic}
   size_t SoftMaxHeapSize                          = 4294967296                             {manageable} {ergonomic}
     bool UseCompressedClassPointers               = true                           {product lp64_product} {ergonomic}
     bool UseCompressedOops                        = true                           {product lp64_product} {ergonomic}
     bool UseG1GC                                  = true                                      {product} {ergonomic}
     bool UseLargePagesIndividualAllocation        = false                                  {pd product} {ergonomic}

Logging:
Log output configuration:
 #0: stdout all=warning uptime,level,tags
 #1: stderr all=off uptime,level,tags

Environment Variables:
JAVA_HOME=C:\Program Files\Eclipse Adoptium\jdk-17.0.20.8-hotspot
CLASSPATH=D:\qestak\android\\gradle\wrapper\gradle-wrapper.jar
PATH=C:\Program Files\Eclipse Adoptium\jdk-17.0.20.8-hotspot\bin;C:\Program Files\Eclipse Adoptium\jdk-17.0.20.8-hotspot\bin;C:\Program Files (x86)\VMware\VMware Workstation\bin\;C:\Program Files (x86)\Common Files\Oracle\Java\java8path;C:\Program Files (x86)\Common Files\Oracle\Java\javapath;C:\WINDOWS\system32;C:\WINDOWS;C:\WINDOWS\System32\Wbem;C:\WINDOWS\System32\WindowsPowerShell\v1.0\;C:\WINDOWS\System32\OpenSSH\;C:\Program Files\dotnet\;C:\Program Files\Git\cmd;C:\Program Files\nodejs\;C:\Users\hisha\AppData\Local\Programs\Python\Launcher\;C:\Users\hisha\AppData\Local\Microsoft\WindowsApps;C:\Users\hisha\.dotnet\tools;C:\Users\hisha\AppData\Local\Programs\Microsoft VS Code\bin;C:\Users\hisha\AppData\Roaming\npm;C:\Users\hisha\develop\flutter\bin;C:\Users\hisha\develop\flutter\bin\cache\dart-sdk;C:\Users\hisha\develop\flutter\bin\mingit\cmd
USERNAME=hisha
OS=Windows_NT
PROCESSOR_IDENTIFIER=Intel64 Family 6 Model 154 Stepping 3, GenuineIntel
TMP=C:\Users\hisha\AppData\Local\Temp
TEMP=C:\Users\hisha\AppData\Local\Temp



Periodic native trim disabled


---------------  S Y S T E M  ---------------

OS:
 Windows 11 , 64 bit Build 26100 (10.0.26100.9168)
OS uptime: 5 days 0:19 hours
Hyper-V role detected

CPU: total 12 (initial active 12) (6 cores per cpu, 2 threads per core) family 6 model 154 stepping 3 microcode 0x424, cx8, cmov, fxsr, ht, mmx, 3dnowpref, sse, sse2, sse3, ssse3, sse4.1, sse4.2, popcnt, lzcnt, tsc, tscinvbit, avx, avx2, aes, erms, clmul, bmi1, bmi2, adx, sha, fma, vzeroupper, clflush, clflushopt, clwb, hv
Processor Information for processor 0
  Max Mhz: 2000, Current Mhz: 2000, Mhz Limit: 2000
Processor Information for processor 1
  Max Mhz: 2000, Current Mhz: 2000, Mhz Limit: 2000
Processor Information for processor 2
  Max Mhz: 2000, Current Mhz: 2000, Mhz Limit: 2000
Processor Information for processor 3
  Max Mhz: 2000, Current Mhz: 2000, Mhz Limit: 2000
Processor Information for processor 4
  Max Mhz: 2000, Current Mhz: 2000, Mhz Limit: 2000
Processor Information for processor 5
  Max Mhz: 2000, Current Mhz: 2000, Mhz Limit: 2000
Processor Information for processor 6
  Max Mhz: 2000, Current Mhz: 2000, Mhz Limit: 2000
Processor Information for processor 7
  Max Mhz: 2000, Current Mhz: 2000, Mhz Limit: 2000
Processor Information for processor 8
  Max Mhz: 2000, Current Mhz: 1466, Mhz Limit: 2000
Processor Information for processor 9
  Max Mhz: 2000, Current Mhz: 1466, Mhz Limit: 2000
Processor Information for processor 10
  Max Mhz: 2000, Current Mhz: 2000, Mhz Limit: 2000
Processor Information for processor 11
  Max Mhz: 2000, Current Mhz: 2000, Mhz Limit: 2000

Memory: 4k page, system-wide physical 7895M (287M free)
TotalPageFile size 22355M (AvailPageFile size 3M)
current process WorkingSet (physical memory assigned to process): 823M, peak: 1104M
current process commit charge ("private bytes"): 2213M, peak: 3209M

vm_info: OpenJDK 64-Bit Server VM (17.0.20+8) for windows-amd64 JRE (17.0.20+8), built on Jul 22 2026 00:41:45 by "admin" with MS VC++ 17.12 (VS2022)

END.
